order_id,product_id,add_to_cart_order,reordered
4,14947,1,0
4,21709,2,0
4,26620,4,1
4,35221,3,0
11,4605,5,1
11,13176,2,0
11,21137,3,0
11,21709,1,1
11,43154,6,0
11,47209,4,0
20,14233,1,1
20,21903,3,1
20,35221,2,1
26,16797,1,1
26,21137,2,1
26,27966,3,0
26,39275,4,1
26,43352,5,0
26,45007,6,0
36,21137,6,1
36,21288,1,1
36,24852,2,0
36,26209,4,0
36,35221,5,0
36,47626,3,1
42,5077,2,1
42,14947,5,0
42,24852,1,0
42,39275,3,1
42,47766,4,0
51,4605,6,0
51,6184,7,1
51,13176,2,1
51,21137,3,1
51,27086,1,1
51,43154,5,0
51,47209,4,1
58,14233,4,1
58,21903,3,1
58,24852,1,0
58,39275,5,0
58,47766,2,1
62,21288,1,1
62,22935,2,0
62,24852,6,1
62,24964,3,0
62,45007,4,0
62,49683,5,0
66,13176,4,0
66,21288,6,1
66,21709,2,1
66,24964,5,0
66,27966,3,1
66,49235,1,0
71,196,7,0
71,6184,3,1
71,10749,5,0
71,21903,1,1
71,24852,4,1
71,47209,2,1
71,49683,6,0
77,21903,5,1
77,22935,1,1
77,24964,2,0
77,45007,3,0
77,49683,4,0
81,13176,5,0
81,24964,4,0
81,28204,1,0
81,30489,7,0
81,45007,6,0
81,46979,3,1
81,47626,2,1
90,5077,2,0
90,21903,4,1
90,27086,3,0
90,27845,1,0
90,45007,5,1
95,13176,8,1
95,14947,1,1
95,21709,2,1
95,24852,5,1
95,27845,6,1
95,30489,7,0
95,35221,3,1
95,44632,4,1
104,5876,3,1
104,10749,2,0
104,22825,4,0
104,39275,5,1
104,47766,1,0
113,13176,1,1
113,21137,2,1
113,47209,3,1
121,21288,4,0
121,22935,2,0
121,26620,3,0
121,47209,1,0
126,5876,6,0
126,6184,7,0
126,14947,2,0
126,21137,8,0
126,21288,1,0
126,21709,3,1
126,35221,4,1
126,44632,5,1
126,49683,9,1
135,16797,2,1
135,21288,3,1
135,27845,1,1
135,39275,4,1
135,43352,5,1
139,18523,4,0
139,27845,5,0
139,35221,2,1
139,40706,3,0
139,45007,1,1
148,6184,4,1
148,14233,6,0
148,21903,3,1
148,24852,1,1
148,47626,5,1
148,47766,2,1
154,21137,2,1
154,27966,1,1
158,14947,2,1
158,21288,1,0
158,21709,3,1
158,26620,5,0
158,35221,4,1
164,21137,1,1
164,24852,2,1
164,26209,3,0
164,28204,4,0
164,39275,5,0
170,5077,8,1
170,14947,3,1
170,21288,2,1
170,21709,1,1
170,21903,7,0
170,28842,9,0
170,35221,4,1
170,43154,6,1
170,44632,5,1
176,13176,2,1
176,21137,3,1
176,21288,1,1
176,22935,6,1
176,35951,5,1
176,47209,4,1
181,22935,1,0
181,45007,2,0
181,49235,3,0
185,4605,1,0
185,13176,2,1
185,14233,3,0
185,16797,4,1
185,17794,5,0
185,27845,7,1
185,44632,6,0
191,21903,4,0
191,24852,2,0
191,27086,1,1
191,47766,3,0
198,24852,1,1
198,26209,3,1
198,47626,2,1
206,5876,3,0
206,12341,6,1
206,24852,2,0
206,26209,5,0
206,28204,4,0
206,39275,1,1
210,21137,5,0
210,27845,1,0
210,28842,7,0
210,39928,4,0
210,44632,2,0
210,47626,3,0
210,49683,6,0
219,5077,2,1
219,16797,7,1
219,21288,4,0
219,27086,3,1
219,27845,1,1
219,28204,5,1
219,31717,6,1
227,14947,1,1
227,16797,6,1
227,21709,2,1
227,21903,5,1
227,35221,3,1
227,44632,4,1
233,14947,2,0
233,21288,1,1
233,21709,3,0
233,26620,5,0
233,35221,4,1
239,14947,1,1
239,16797,5,0
239,21709,2,1
239,24184,8,1
239,27086,7,1
239,35221,3,1
239,44632,4,1
239,46979,6,0
247,4605,2,0
247,14947,5,1
247,24964,4,1
247,26209,6,1
247,39928,3,0
247,43352,1,0
251,14947,1,0
251,21709,2,0
251,35221,3,1
251,44632,4,0
261,12341,2,1
261,22935,1,1
265,5876,1,0
265,24852,3,1
265,24964,5,0
265,27966,6,1
265,28842,4,0
265,40706,2,0
274,8518,6,0
274,14947,2,1
274,21288,1,1
274,21709,3,1
274,34126,7,0
274,35221,4,1
274,35951,8,1
274,44632,5,1
281,4605,5,0
281,14233,2,1
281,21903,6,0
281,37710,3,1
281,39275,7,0
281,47766,1,0
281,49235,4,0
288,21903,4,1
288,24852,2,1
288,27086,1,1
288,47766,3,1
298,6184,4,1
298,14233,6,1
298,22825,1,0
298,26209,2,0
298,31717,5,0
298,43352,3,0
306,196,4,0
306,16797,6,1
306,21709,2,1
306,22825,3,0
306,27966,7,0
306,43352,5,1
306,44632,1,1
314,196,5,0
314,16797,1,0
314,21288,2,1
314,27966,6,1
314,39275,3,0
314,43352,4,0
322,5077,2,0
322,21288,4,1
322,27086,3,1
322,27845,1,1
322,47626,5,0
332,6184,6,0
332,14947,7,0
332,21137,3,1
332,21903,1,1
332,35951,8,0
332,40706,4,0
332,47626,2,0
332,47766,5,1
339,16797,1,0
339,21137,2,1
339,27966,3,0
339,31717,7,0
339,39275,4,1
339,44632,5,1
339,47626,6,1
339,47766,8,1
344,13176,1,1
344,21137,2,1
344,47209,3,1
353,13176,5,1
353,21288,1,1
353,21903,4,0
353,24852,2,1
353,47766,3,1
361,24852,1,1
361,26209,3,0
361,45007,4,0
361,47626,2,1
369,21288,1,1
369,21903,4,1
369,24852,2,1
369,47766,3,1
378,12341,5,1
378,21903,3,0
378,24852,1,0
378,46979,4,0
378,47766,2,1
388,4605,8,0
388,14233,6,1
388,14947,2,1
388,17794,9,0
388,21709,3,1
388,22935,7,1
388,27086,1,1
388,35221,4,1
388,44632,5,1
392,26209,3,0
392,35221,1,1
392,43154,2,0
392,45007,5,1
392,47626,4,0
400,22935,1,0
400,24964,2,0
400,45007,3,1
400,47766,5,1
400,49683,4,0
409,14947,2,1
409,21709,3,1
409,22935,6,1
409,27086,1,1
409,27845,8,1
409,27966,9,1
409,35221,4,1
409,44632,5,0
409,49235,7,0
419,12341,2,1
419,16797,3,0
419,37710,1,0
428,5077,2,1
428,22935,4,1
428,27086,3,0
428,27845,1,1
437,13176,6,1
437,21709,3,1
437,22935,5,0
437,24184,2,0
437,27966,1,1
437,28204,4,1
443,14947,3,1
443,21137,7,1
443,21709,1,0
443,21903,8,1
443,26620,5,0
443,27086,2,0
443,35221,4,0
443,39275,6,1
448,13176,6,1
448,16797,1,0
448,17794,5,0
448,21137,2,1
448,27966,3,0
448,30489,8,0
448,39275,4,0
448,44632,7,1
457,26620,4,0
457,43352,1,1
457,47626,3,1
457,47766,2,0
466,16797,2,1
466,21288,3,1
466,21709,1,1
466,39275,4,1
466,43352,5,0
475,4605,5,0
475,5876,6,1
475,24964,4,0
475,26209,7,0
475,27845,2,1
475,35221,1,1
475,47766,3,1
483,5876,7,0
483,21709,1,1
483,24852,2,1
483,26209,4,1
483,28204,5,0
483,47626,3,1
483,49683,6,1
491,5077,2,1
491,24852,4,1
491,27086,3,1
491,27845,1,1
491,28204,5,0
499,8518,5,1
499,16797,8,1
499,21288,6,0
499,24852,2,1
499,26209,4,0
499,27845,1,0
499,43154,7,0
499,47626,3,1
504,13176,1,0
504,21137,2,1
504,24964,7,1
504,43154,4,0
504,45007,5,0
504,47209,3,0
504,49235,6,1
513,196,6,0
513,21709,1,1
513,22935,2,1
513,24964,3,0
513,35221,7,1
513,45007,4,0
513,49683,5,0
518,21709,1,1
518,21903,4,0
518,24852,2,1
518,26620,6,0
518,35221,7,1
518,39928,5,0
518,47766,3,0
525,196,8,0
525,5077,3,1
525,17794,7,0
525,21709,1,1
525,27086,4,1
525,27845,2,1
525,27966,5,1
525,35221,6,1
533,13176,6,0
533,21709,2,1
533,26209,3,1
533,27845,4,1
533,40706,1,0
533,47626,5,1
538,21137,2,1
538,24964,1,1
538,47209,3,1
538,47766,4,0
547,6184,6,0
547,14947,2,1
547,16797,7,1
547,21709,1,0
547,24184,8,0
547,24852,5,1
547,35221,3,1
547,44632,4,0
552,14233,2,0
552,14947,3,1
552,21709,1,1
552,27086,5,0
552,35951,4,0
552,47209,6,1
560,13176,7,1
560,21137,1,1
560,21288,5,1
560,24964,3,1
560,26209,4,1
560,27845,6,1
560,28204,8,1
560,46979,2,0
566,13176,1,0
566,21137,2,1
566,47209,3,1
572,21137,1,0
572,22935,2,0
572,24964,3,0
572,28204,6,0
572,45007,4,0
572,49683,5,0
578,14233,5,1
578,16797,1,0
578,21288,2,0
578,22825,7,0
578,24852,6,1
578,39275,3,0
578,43352,4,0
584,24852,2,1
584,27086,1,0
584,27104,5,1
584,28842,4,0
584,47766,3,1
588,13176,7,0
588,14947,1,0
588,21137,5,0
588,21709,2,1
588,26620,4,0
588,35221,3,0
588,45007,6,0
593,8518,2,0
593,12341,5,0
593,21288,4,1
593,21709,1,0
593,22935,3,1
593,27104,6,0
599,12341,7,1
599,22935,1,0
599,24964,2,1
599,26209,8,1
599,28204,5,0
599,45007,3,0
599,49235,6,0
599,49683,4,0
609,196,5,1
609,5876,7,0
609,14947,2,1
609,16797,6,1
609,21709,1,1
609,22935,8,1
609,35221,3,1
609,44632,4,1
617,12341,7,0
617,14947,1,1
617,16797,5,1
617,21709,2,1
617,26620,4,1
617,35221,3,1
617,47209,6,0
617,47766,8,0
625,24852,1,1
625,26209,3,0
625,47209,4,1
625,47626,2,1
625,47766,5,1
631,24964,2,1
631,37710,1,0
636,5876,8,1
636,12341,5,0
636,22935,1,0
636,24964,2,1
636,44632,6,0
636,45007,3,0
636,47209,7,1
636,49683,4,0
645,4605,7,0
645,12341,4,1
645,21137,5,1
645,21903,3,1
645,24852,1,1
645,28842,6,0
645,47766,2,1
653,5077,4,0
653,21137,3,1
653,27966,2,0
653,35221,1,0
662,196,2,0
662,16797,3,1
662,21903,4,1
662,24852,8,1
662,27086,1,1
662,27966,6,0
662,28842,5,0
662,47209,7,0
668,12341,3,1
668,21903,1,0
668,26620,4,0
668,35221,2,1
677,5876,6,0
677,14233,4,1
677,26209,3,1
677,27845,5,1
677,45007,1,0
677,47626,2,1
686,14947,3,1
686,21137,1,1
686,27086,4,1
686,30489,5,0
686,43154,2,1
694,196,5,1
694,13176,1,0
694,21137,2,1
694,47209,3,1
694,49683,4,0
703,14947,1,1
703,21709,2,1
703,26620,4,1
703,35221,3,1
710,14947,1,0
710,21709,2,1
710,35221,3,0
710,39275,5,1
710,44632,4,0
720,5077,3,1
720,21709,1,1
720,22935,5,1
720,27086,4,1
720,27845,2,1
720,35221,6,1
729,4605,4,1
729,14947,5,1
729,24964,1,1
729,26209,3,0
729,28204,6,1
729,45007,2,1
734,4605,2,0
734,10749,6,0
734,16797,8,1
734,21288,1,1
734,24852,3,0
734,26209,7,0
734,27966,4,0
734,47766,5,0
741,14947,1,0
741,21709,2,1
741,35221,3,1
741,44632,4,0
749,8518,8,0
749,24184,5,0
749,24852,2,1
749,26209,4,0
749,27104,6,0
749,27845,1,1
749,46979,7,0
749,47626,3,1
759,21709,1,1
759,22935,2,1
759,24184,5,0
759,24852,7,1
759,35221,4,1
759,39275,3,1
759,47766,6,1
766,196,8,1
766,6184,5,0
766,14233,7,0
766,14947,1,1
766,21709,2,1
766,26620,4,1
766,28204,6,1
766,35221,3,1
775,8518,7,1
775,21137,1,1
775,21288,8,1
775,22935,2,1
775,24964,3,1
775,45007,4,0
775,47766,6,1
775,49683,5,1
784,14947,1,1
784,21709,2,1
784,26620,4,1
784,27966,5,1
784,35221,3,0
794,5077,6,1
794,8518,3,1
794,21288,1,1
794,22935,2,1
794,27845,4,1
794,46979,5,1
801,5077,2,0
801,14233,5,0
801,27086,3,0
801,27845,1,1
801,40706,4,0
811,8518,7,0
811,14233,2,0
811,14947,3,1
811,21137,1,1
811,21709,4,1
811,39928,6,0
811,49683,5,1
819,6184,6,1
819,16797,3,0
819,21137,4,1
819,28204,2,0
819,30489,1,1
819,39928,5,0
829,5876,3,1
829,13176,4,1
829,21288,5,1
829,31717,2,0
829,43154,1,1
834,8518,5,0
834,14233,2,0
834,14947,3,0
834,21288,1,0
834,21709,4,0
834,37710,6,1
838,21137,1,1
838,21903,2,1
838,24964,4,0
838,26620,5,0
838,47209,3,1
842,5077,5,0
842,14947,1,0
842,21709,2,0
842,35221,3,1
842,44632,4,0
852,21288,3,1
852,24184,1,1
852,24852,4,1
852,37710,2,0
860,14947,3,1
860,21137,1,1
860,21288,6,0
860,21709,2,1
860,35221,4,1
860,40706,7,0
860,44632,5,1
860,47766,8,0
865,21288,1,1
865,22935,5,0
865,24852,2,0
865,26209,4,0
865,47626,3,1
874,14233,3,1
874,21709,1,1
874,40706,4,1
874,47766,2,0
883,6184,6,0
883,14947,2,1
883,21137,1,1
883,21709,3,1
883,27966,8,1
883,35221,4,1
883,44632,5,1
883,47766,7,0
890,14947,2,1
890,17794,7,0
890,21137,1,1
890,21709,3,1
890,26620,8,1
890,27086,6,1
890,35221,4,1
890,44632,5,1
890,47626,9,1
900,13176,2,1
900,21137,3,1
900,21288,1,1
900,47209,4,1
900,47626,6,1
900,49683,5,1
904,12341,6,0
904,16797,1,1
904,21137,2,0
904,27966,3,0
904,39275,4,1
904,40706,5,0
910,4605,6,0
910,16797,5,0
910,21709,1,1
910,24852,2,1
910,26209,4,0
910,47626,3,0
920,5876,7,0
920,14947,2,1
920,21709,3,0
920,26620,5,1
920,27845,1,1
920,35221,4,1
920,44632,6,0
929,16797,1,1
929,21288,2,1
929,26209,7,1
929,31717,5,1
929,39275,3,1
929,43352,4,1
929,49235,6,0
934,196,7,0
934,13176,1,1
934,14233,6,0
934,21288,3,0
934,21709,4,0
934,21903,2,1
934,27845,5,1
938,4605,7,0
938,21288,1,0
938,21903,4,1
938,24852,2,1
938,35221,8,1
938,47209,6,0
938,47766,3,1
938,49683,5,0
944,21709,1,1
944,35221,3,1
944,39275,4,1
944,46979,2,0
952,14233,3,0
952,16797,8,1
952,21288,1,1
952,26620,6,0
952,34126,5,0
952,37710,4,1
952,43352,7,1
952,47209,2,0
962,13176,1,1
962,21137,2,1
962,21709,4,1
962,47209,3,1
971,14947,1,1
971,21709,2,1
971,26620,4,1
971,35221,3,1
971,49235,5,1
978,6184,7,1
978,16797,1,0
978,21288,2,0
978,22825,8,1
978,24964,6,0
978,37710,5,1
978,39275,3,1
978,43352,4,1
985,13176,1,0
985,16797,4,1
985,21137,2,1
985,24964,5,0
985,47209,3,0
993,13176,5,0
993,26620,7,1
993,27966,2,0
993,35951,1,1
993,44632,6,1
993,47209,4,1
993,49235,3,0
999,14947,4,1
999,21709,3,1
999,21903,2,0
999,27086,6,0
999,27966,1,0
999,35221,5,1
1004,13176,1,0
1004,21137,2,0
1004,30489,4,0
1004,47209,3,0
1011,27966,2,1
1011,39275,1,1
1015,24852,1,1
1015,26209,3,0
1015,27086,5,0
1015,27845,4,1
1015,47626,2,1
1022,16797,1,0
1022,21137,2,1
1022,27966,3,0
1022,39275,4,1
1022,40706,5,0
1032,5876,7,1
1032,16797,3,1
1032,21137,2,1
1032,21288,4,1
1032,24964,8,0
1032,27845,1,1
1032,39275,5,0
1032,43352,6,0
1032,49235,9,0
1032,49683,10,0
1038,14947,3,1
1038,40706,1,0
1038,47766,2,0
1043,14233,7,1
1043,14947,1,0
1043,21709,2,0
1043,26620,4,0
1043,27086,6,0
1043,35221,3,0
1043,47626,5,0
1043,49683,8,0
1052,17794,3,0
1052,18523,2,0
1052,27845,1,0
1052,27966,4,0
1059,196,7,0
1059,8518,8,0
1059,12341,4,0
1059,22935,3,0
1059,27845,1,1
1059,34126,5,0
1059,35221,6,0
1059,43154,2,1
1064,14233,6,0
1064,21137,5,1
1064,21709,4,1
1064,26209,7,0
1064,27845,1,0
1064,35221,3,1
1064,47626,2,0
1073,4605,2,1
1073,21709,1,1
1073,26209,3,1
1073,27966,5,0
1073,39275,6,1
1073,40706,4,1
1080,17794,4,0
1080,24852,1,1
1080,26209,3,0
1080,47626,2,1
1087,14233,3,1
1087,39275,2,0
1087,43352,1,0
1094,16797,2,1
1094,37710,1,0
1094,39275,3,1
1104,5077,2,1
1104,27086,3,1
1104,27845,1,1
1104,28204,5,0
1104,47209,4,0
1112,21903,3,0
1112,24852,1,1
1112,47766,2,1
1118,196,6,1
1118,21903,3,1
1118,27845,1,1
1118,39275,5,1
1118,47626,4,1
1118,49683,2,0
1126,4605,4,0
1126,16797,5,0
1126,21137,1,1
1126,21903,7,1
1126,28842,3,0
1126,35221,2,1
1126,47766,6,1
1131,8518,3,0
1131,10749,8,0
1131,14233,1,1
1131,16797,5,1
1131,35951,4,1
1131,40706,6,0
1131,43352,7,1
1131,46979,2,1
1137,5077,2,1
1137,21288,4,1
1137,27086,3,1
1137,27845,1,0
1137,28204,7,0
1137,35951,6,0
1137,47766,5,0
1147,12341,4,1
1147,13176,1,1
1147,21137,2,1
1147,47209,3,1
1155,21288,2,1
1155,21709,1,1
1155,24852,5,1
1155,27086,3,1
1155,31717,4,0
1155,49235,6,0
1164,5876,3,0
1164,12341,4,1
1164,21137,6,0
1164,21903,2,1
1164,27086,1,1
1164,31717,5,1
1172,13176,1,1
1172,21137,2,1
1172,27845,5,1
1172,39275,4,0
1172,44632,6,0
1172,47209,3,1
1177,5077,2,0
1177,5876,4,0
1177,27086,3,0
1177,27845,1,0
1177,47766,5,1
1186,21903,3,1
1186,22935,1,0
1186,24964,4,1
1186,27966,2,1
1196,14947,1,1
1196,21709,2,1
1196,35221,3,1
1196,44632,4,0
1196,47209,5,1
1206,5876,4,1
1206,21137,1,1
1206,21903,6,1
1206,24852,3,1
1206,26620,5,1
1206,49235,2,0
1216,24184,7,1
1216,24852,1,1
1216,26209,3,1
1216,27086,5,1
1216,27845,6,1
1216,35951,4,0
1216,47626,2,1
1223,4605,2,0
1223,21137,1,0
1223,21903,4,1
1223,30489,5,1
1223,43352,3,1
1223,45007,6,1
1231,16797,2,1
1231,21288,1,1
1231,21903,6,0
1231,24852,5,0
1231,31717,4,1
1231,35221,7,1
1231,47626,3,0
1238,16797,2,1
1238,21137,3,1
1238,21709,1,1
1238,21903,4,1
1238,22825,5,0
1238,30489,6,1
1245,6184,3,0
1245,17794,2,0
1245,21288,1,1
1245,21709,7,1
1245,24852,6,0
1245,27966,5,1
1245,49235,4,0
1250,14947,1,1
1250,21709,2,1
1250,35221,3,1
1250,44632,4,0
1258,5077,2,1
1258,27086,3,1
1258,27845,1,1
1262,24852,1,0
1262,26209,3,0
1262,40706,4,0
1262,47626,2,0
1272,14947,2,1
1272,21709,3,1
1272,24852,6,1
1272,27845,1,1
1272,35221,4,1
1272,44632,5,1
1278,14233,6,0
1278,16797,5,1
1278,21137,1,1
1278,21709,2,1
1278,27966,8,1
1278,30489,4,0
1278,47626,7,1
1278,49683,3,0
1285,14233,1,1
1285,14947,2,1
1285,21709,3,1
1289,14947,1,0
1289,21709,2,0
1289,26620,7,0
1289,35221,3,0
1289,39275,5,1
1289,44632,4,1
1289,47209,6,1
1296,17794,4,0
1296,26209,1,1
1296,28204,3,0
1296,49235,2,1
1305,13176,1,1
1305,24964,3,0
1305,26620,2,1
1311,4605,3,0
1311,16797,1,1
1311,47209,2,1
1321,5876,5,1
1321,27845,1,0
1321,31717,3,0
1321,39275,4,0
1321,45007,2,1
1331,5077,2,0
1331,21137,4,1
1331,27086,3,0
1331,27845,1,0
1341,13176,2,1
1341,21137,3,1
1341,27086,1,1
1341,47209,4,1
1348,16797,2,1
1348,17794,6,0
1348,21288,3,0
1348,27845,1,0
1348,28204,8,0
1348,39275,4,0
1348,43352,5,0
1348,47626,9,1
1348,49235,7,0
1353,5077,2,0
1353,21137,4,1
1353,27086,3,1
1353,27845,1,0
1358,14947,2,1
1358,21709,1,1
1358,24852,6,1
1358,26620,7,1
1358,31717,5,0
1358,35221,3,1
1358,44632,4,0
1367,6184,6,0
1367,14947,2,1
1367,21709,3,1
1367,26620,5,0
1367,27086,1,1
1367,35221,4,1
1367,47209,7,1
1377,21288,1,1
1377,22935,2,1
1377,26620,4,0
1377,47626,3,0
1387,5876,5,0
1387,21137,3,1
1387,24184,4,1
1387,27845,2,1
1387,37710,1,1
1387,47626,6,1
1392,14947,2,1
1392,17794,3,0
1392,27845,1,0
1392,47626,4,1
1399,6184,3,0
1399,27845,1,1
1399,35221,4,1
1399,39275,5,0
1399,45007,2,0
1399,49683,6,1
1406,16797,1,1
1406,21137,2,1
1406,27966,3,1
1406,39275,4,1
1413,14233,1,0
1413,14947,2,0
1413,16797,6,1
1413,21709,3,0
1413,45007,5,1
1413,47626,4,1
1419,21903,3,0
1419,24852,1,1
1419,45007,4,0
1419,47766,2,0
1428,13176,2,1
1428,21137,4,1
1428,21709,1,1
1428,34126,8,0
1428,40706,3,1
1428,45007,6,0
1428,47209,7,1
1428,49683,5,0
1437,5077,6,0
1437,14947,3,0
1437,24852,2,1
1437,27845,1,1
1437,27966,5,0
1437,35221,4,1
1446,16797,1,1
1446,21288,2,1
1446,24964,5,1
1446,39275,3,1
1446,43352,4,1
1446,44632,6,0
1453,12341,4,0
1453,16797,3,1
1453,21709,5,1
1453,27845,6,0
1453,40706,1,0
1453,49683,2,1
1458,196,3,0
1458,5876,5,0
1458,13176,6,0
1458,14233,7,0
1458,21137,4,0
1458,47209,2,0
1458,49235,1,0
1464,16797,1,1
1464,21137,2,1
1464,27086,5,1
1464,27966,3,0
1464,39275,4,1
1464,43154,6,1
1464,47766,7,0
1472,14233,2,1
1472,14947,5,1
1472,24852,6,1
1472,27845,1,1
1472,37710,3,0
1472,46979,4,0
1476,14233,1,1
1476,14947,2,1
1476,21709,3,1
1476,43352,5,0
1476,45007,4,0
1476,49235,6,0
1486,27845,2,1
1486,28842,4,0
1486,35951,3,1
1486,40706,5,1
1486,47626,6,1
1486,49235,1,0
1495,5077,2,0
1495,27086,3,1
1495,27845,1,0
1505,5077,5,1
1505,13176,6,1
1505,14233,2,1
1505,14947,3,1
1505,21709,1,1
1505,27104,4,1
1510,5876,5,0
1510,13176,6,0
1510,16797,1,1
1510,21288,2,1
1510,35951,7,0
1510,39275,3,1
1510,43352,4,1
1510,47209,8,0
1520,8518,5,0
1520,16797,1,1
1520,21288,2,1
1520,39275,3,1
1520,43352,4,1
1526,5876,1,0
1526,24852,5,0
1526,26620,4,0
1526,27966,3,0
1526,37710,2,0
1534,16797,1,1
1534,21288,2,0
1534,27845,6,1
1534,39275,3,0
1534,43352,4,0
1534,45007,5,1
1538,6184,8,0
1538,14233,3,0
1538,14947,4,1
1538,17794,6,0
1538,21137,1,0
1538,21709,2,0
1538,26620,7,0
1538,45007,5,0
1546,16797,1,0
1546,21137,2,1
1546,27966,3,1
1546,39275,4,0
1555,14947,1,0
1555,21709,2,0
1555,22935,7,0
1555,27104,6,0
1555,35221,3,1
1555,44632,4,1
1555,47209,5,0
1555,47626,8,1
1560,6184,1,1
1560,16797,2,0
1560,24852,3,1
1568,14947,1,1
1568,21709,2,1
1568,26620,4,1
1568,35221,3,1
1573,5077,3,0
1573,21288,1,1
1573,24964,2,1
1573,27086,6,0
1573,27845,5,0
1573,30489,4,0
1579,21903,3,1
1579,24852,1,1
1579,47766,2,0
1585,21137,3,1
1585,27086,1,1
1585,40706,2,0
1585,45007,4,1
1585,47766,5,0
1592,196,1,1
1592,24964,3,1
1592,44632,2,1
1601,5876,4,0
1601,14233,1,1
1601,14947,2,1
1601,21288,5,1
1601,21709,3,1
1601,26620,7,0
1601,46979,6,0
1605,12341,6,0
1605,13176,5,1
1605,21903,3,1
1605,24852,1,0
1605,27966,4,1
1605,47766,2,0
1611,21137,5,1
1611,21903,3,1
1611,24852,1,0
1611,27104,6,1
1611,39275,4,1
1611,47766,2,0
1620,5077,5,1
1620,21709,1,1
1620,21903,3,0
1620,28204,2,0
1620,28842,6,0
1620,30489,4,1
1629,196,5,1
1629,12341,3,1
1629,24852,6,1
1629,27845,1,1
1629,40706,2,1
1629,45007,4,0
1629,47626,7,0
1637,21903,3,1
1637,24852,1,1
1637,47766,2,1
1642,14947,1,0
1642,21709,2,0
1642,21903,5,1
1642,22935,7,0
1642,35221,3,0
1642,39275,8,0
1642,44632,4,1
1642,47209,6,1
1648,21137,2,0
1648,21903,5,1
1648,22935,7,0
1648,24852,3,1
1648,27845,1,1
1648,35951,8,1
1648,44632,6,0
1648,47766,4,1
1653,13176,2,1
1653,21709,1,0
1653,24852,3,0
1653,31717,4,0
1653,43352,5,0
1653,47626,7,0
1653,47766,6,0
1662,6184,4,1
1662,14947,2,0
1662,16797,1,1
1662,21137,6,1
1662,21288,7,1
1662,27104,5,0
1662,30489,8,1
1662,47626,3,1
1671,8518,3,0
1671,12341,2,1
1671,17794,6,0
1671,21709,1,1
1671,39275,5,0
1671,45007,4,1
1678,5077,3,1
1678,27086,1,1
1678,27845,2,1
1678,40706,4,0
1684,14947,1,0
1684,21709,2,1
1684,22935,8,0
1684,24964,7,1
1684,30489,5,0
1684,35221,3,0
1684,39275,6,0
1684,44632,4,0
1692,14233,7,1
1692,24852,1,0
1692,26209,3,0
1692,35951,4,0
1692,37710,5,0
1692,45007,6,0
1692,47626,2,0
1702,12341,5,1
1702,21903,3,0
1702,24852,1,1
1702,27966,4,1
1702,47766,2,1
1706,4605,1,1
1706,16797,3,1
1706,21288,5,0
1706,27845,4,0
1706,47766,2,0
1714,13176,4,1
1714,16797,7,0
1714,21137,5,1
1714,24852,3,1
1714,26209,8,1
1714,27086,6,1
1714,27845,1,1
1714,31717,2,0
1724,5077,3,1
1724,16797,2,1
1724,21709,5,1
1724,26620,4,1
1724,27086,6,1
1724,27966,7,0
1724,28204,1,0
1724,37710,8,1
1731,35221,4,1
1731,44632,3,1
1731,45007,5,1
1731,49235,2,0
1731,49683,1,0
1740,16797,5,1
1740,18523,4,1
1740,21288,1,1
1740,27966,2,1
1740,37710,3,0
1748,16797,1,1
1748,21137,2,1
1748,27966,3,1
1748,39275,4,1
1754,14947,4,0
1754,21137,1,1
1754,26209,6,1
1754,26620,3,1
1754,39275,2,0
1754,40706,5,1
1760,16797,1,1
1760,21137,2,1
1760,27966,3,1
1760,39275,4,1
1767,5876,6,0
1767,21903,3,1
1767,24964,2,1
1767,27086,1,0
1767,28204,5,0
1767,47766,4,1
1776,13176,1,1
1776,21288,7,0
1776,21903,3,0
1776,26209,2,1
1776,27086,5,0
1776,27845,6,1
1776,28842,4,0
1776,39928,8,1
1780,5077,2,0
1780,12341,4,0
1780,27086,3,1
1780,27845,1,1
1784,5876,4,0
1784,21137,6,1
1784,21288,1,0
1784,21903,7,0
1784,24852,5,0
1784,37710,2,1
1784,47626,3,0
1790,16797,1,0
1790,17794,3,1
1790,22935,5,1
1790,24964,2,1
1790,43352,4,0
1799,21709,1,1
1799,21903,4,1
1799,22825,7,1
1799,24184,5,1
1799,24852,2,0
1799,27845,6,1
1799,47766,3,1
1803,16797,1,0
1803,21288,2,0
1803,39275,3,0
1803,43352,4,0
1812,12341,7,0
1812,21709,8,1
1812,21903,5,1
1812,24852,2,1
1812,26209,4,1
1812,27845,1,1
1812,47626,3,1
1812,49683,6,1
1822,14947,1,1
1822,21709,2,1
1822,35221,3,1
1822,44632,4,1
1822,47766,5,1
1831,26620,3,0
1831,27845,1,1
1831,43352,4,1
1831,47209,7,1
1831,47626,5,1
1831,47766,6,1
1831,49235,2,1
1835,14233,1,1
1835,14947,2,1
1835,21709,3,1
1835,35221,4,0
1839,12341,8,1
1839,14947,3,0
1839,21288,1,1
1839,21709,4,0
1839,27086,2,0
1839,35221,5,0
1839,44632,6,0
1839,47626,7,1
1844,12341,6,0
1844,16797,2,0
1844,21288,3,0
1844,27845,1,1
1844,39275,4,1
1844,43352,5,0
1852,12341,5,0
1852,16797,1,1
1852,21288,2,1
1852,39275,3,1
1852,43352,4,1
1857,5077,3,1
1857,26209,4,0
1857,27086,1,1
1857,27845,2,0
1867,196,7,0
1867,4605,6,0
1867,18523,8,0
1867,21137,3,1
1867,26209,5,1
1867,27086,2,0
1867,27845,1,1
1867,30489,4,0
1872,5876,4,0
1872,21137,2,0
1872,22825,3,0
1872,40706,1,0
1880,24852,1,1
1880,26209,3,0
1880,47626,2,1
1884,4605,6,0
1884,10749,3,0
1884,13176,1,0
1884,21709,5,0
1884,39928,2,0
1884,47209,7,0
1884,47766,4,1
1894,5077,3,1
1894,14233,5,0
1894,21709,2,1
1894,24184,6,0
1894,27086,4,1
1894,27845,1,1
1902,14947,2,0
1902,21137,7,1
1902,21288,1,1
1902,21709,3,0
1902,28204,6,0
1902,35221,4,1
1902,44632,5,0
1906,17794,4,0
1906,21137,1,1
1906,24964,5,1
1906,39275,2,0
1906,49683,3,1
1916,13176,6,0
1916,22935,1,1
1916,24964,2,1
1916,35951,7,1
1916,45007,3,1
1916,47209,8,1
1916,47626,5,1
1916,49683,4,0
1926,5077,4,1
1926,6184,2,1
1926,21137,1,1
1926,27966,3,0
1936,5876,7,0
1936,24852,5,1
1936,26620,6,1
1936,27086,4,1
1936,27966,2,1
1936,37710,1,1
1936,47626,3,1
1944,14947,1,1
1944,21709,2,1
1944,35221,3,1
1944,40706,5,1
1944,44632,4,1
1948,14947,1,1
1948,49235,2,0
1954,196,8,0
1954,13176,7,0
1954,16797,1,1
1954,21288,2,1
1954,24852,6,1
1954,39275,3,1
1954,43352,4,0
1954,47626,5,0
1958,24852,1,0
1958,35221,2,0
1958,49683,3,1
1963,21903,4,0
1963,24184,1,0
1963,24852,3,0
1963,26209,5,0
1963,43154,2,0
1970,14947,2,1
1970,21709,3,1
1970,27845,1,1
1970,35221,4,1
1970,44632,5,1
1970,47209,7,1
1970,49683,6,1
1978,13176,2,0
1978,21137,3,0
1978,21709,1,1
1978,24852,5,1
1978,47209,4,0
1986,5077,2,0
1986,27086,3,0
1986,27845,1,0
1996,196,6,0
1996,13176,8,1
1996,16797,1,1
1996,17794,7,1
1996,21288,2,1
1996,39275,3,1
1996,43352,4,1
1996,49683,5,0
2005,35951,3,0
2005,43154,1,1
2005,49683,2,1
2012,5876,5,0
2012,8518,4,1
2012,22825,7,0
2012,24852,1,0
2012,24964,6,1
2012,26209,3,0
2012,47626,2,1
2016,28204,4,1
2016,40706,1,0
2016,44632,2,0
2016,45007,3,1
2026,14947,1,0
2026,21709,2,1
2026,35221,3,0
2026,44632,4,0
2026,49683,5,0
2030,24852,1,0
2030,24964,4,0
2030,26209,3,0
2030,44632,6,0
2030,47626,2,0
2030,47766,5,1
2030,49683,7,0
2038,21137,3,0
2038,21288,2,1
2038,27086,1,0
2045,6184,6,1
2045,14947,2,1
2045,21709,3,1
2045,27845,1,0
2045,35221,4,1
2045,44632,5,1
2054,196,3,1
2054,12341,4,0
2054,18523,2,0
2054,24852,7,1
2054,27845,6,1
2054,35951,1,1
2054,49235,5,1
2060,196,2,0
2060,21288,1,0
2060,30489,3,1
2060,40706,5,0
2060,46979,4,0
2064,21709,1,0
2064,21903,4,1
2064,26620,2,1
2064,27845,5,1
2064,43154,3,1
2072,5077,4,1
2072,13176,5,0
2072,21288,1,0
2072,26620,3,0
2072,28204,6,0
2072,43352,2,1
2076,13176,5,0
2076,24852,1,0
2076,26209,3,0
2076,43352,4,1
2076,47626,2,0
2086,12341,1,1
2086,14947,5,1
2086,21903,4,1
2086,22935,2,1
2086,35951,3,0
2090,13176,1,0
2090,21137,2,0
2090,47209,3,0
2098,5876,1,0
2098,6184,2,1
2098,13176,5,0
2098,22935,3,1
2098,24964,4,1
2098,45007,6,0
2105,24852,1,1
2105,26209,3,1
2105,47626,2,1
2115,5876,5,0
2115,13176,1,1
2115,21137,2,1
2115,21709,4,1
2115,47209,3,1
2123,14233,4,1
2123,21137,1,0
2123,24964,6,1
2123,43352,2,1
2123,45007,5,1
2123,46979,7,0
2123,47209,3,1
2127,6184,4,0
2127,16797,2,1
2127,21288,1,1
2127,21903,3,1
2127,26620,5,0
2127,49683,6,1
2136,16797,1,1
2136,21288,2,1
2136,21709,8,1
2136,22935,7,0
2136,24964,5,0
2136,27966,6,1
2136,39275,3,1
2136,43352,4,0
2145,14947,1,1
2145,21709,2,1
2145,35221,3,1
2145,35951,5,1
2145,44632,4,1
2150,5077,4,1
2150,21903,3,1
2150,24852,1,1
2150,27845,6,0
2150,35951,5,1
2150,47766,2,0
2156,12341,5,0
2156,13176,1,0
2156,21137,2,1
2156,24964,4,1
2156,47209,3,1
2162,196,4,0
2162,14947,2,1
2162,40706,5,0
2162,47209,1,0
2162,47766,3,0
2172,13176,1,1
2172,24852,2,1
2172,27086,4,0
2172,35221,3,0
2180,14947,4,1
2180,21137,1,1
2180,27845,2,1
2180,27966,3,0
2180,43154,6,0
2180,47766,5,1
2186,8518,5,0
2186,10749,6,0
2186,21137,9,1
2186,22935,3,0
2186,24852,2,1
2186,27086,1,1
2186,27845,4,1
2186,27966,8,0
2186,30489,7,0
2190,13176,2,0
2190,14233,3,0
2190,21137,4,0
2190,21288,6,0
2190,21709,1,1
2190,24964,7,1
2190,27966,5,0
2197,8518,4,1
2197,14947,5,1
2197,27845,1,1
2197,47209,2,1
2197,47626,3,1
2207,16797,1,1
2207,21288,2,1
2207,24964,5,1
2207,37710,6,0
2207,39275,3,1
2207,43352,4,1
2207,44632,7,0
2214,16797,1,0
2214,21137,2,1
2214,21709,7,1
2214,27966,3,0
2214,39275,4,0
2214,43352,6,0
2214,49683,5,0
2219,16797,6,0
2219,21709,1,1
2219,26620,3,1
2219,27966,2,0
2219,37710,4,0
2219,46979,5,0
2225,14947,1,0
2225,21709,2,0
2225,26620,4,0
2225,35221,3,0
2225,44632,5,0
2231,13176,6,1
2231,16797,1,0
2231,21288,2,0
2231,26209,5,0
2231,39275,3,0
2231,43352,4,0
2237,8518,4,1
2237,27845,2,1
2237,46979,3,0
2237,49235,1,0
2247,5876,8,0
2247,21288,1,1
2247,24852,3,1
2247,24964,4,1
2247,26209,5,0
2247,27086,2,1
2247,43154,7,0
2247,49683,6,0
2255,21709,3,1
2255,26209,1,0
2255,30489,2,0
2255,40706,4,0
2259,5876,4,0
2259,8518,5,0
2259,24964,3,0
2259,39275,2,0
2259,47209,1,1
2259,47766,6,1
2264,4605,1,1
2264,5876,2,0
2264,27104,6,0
2264,27845,3,0
2264,30489,4,0
2264,40706,5,1
2271,16797,1,0
2271,21137,2,1
2271,27966,3,0
2271,39275,4,0
2271,43352,5,0
2280,5876,5,0
2280,12341,7,0
2280,16797,6,0
2280,22935,1,1
2280,24964,2,1
2280,45007,3,1
2280,47766,8,1
2280,49683,4,1
2290,28204,1,1
2290,39928,3,1
2290,47766,2,1
2298,4605,4,0
2298,24184,5,0
2298,24852,1,1
2298,26209,3,1
2298,47626,2,0
2306,10749,4,0
2306,14947,6,1
2306,21137,7,1
2306,21903,5,1
2306,26209,1,1
2306,35221,8,1
2306,35951,3,0
2306,47626,2,1
2316,196,2,0
2316,24964,4,1
2316,35221,1,1
2316,47766,3,1
2321,6184,7,1
2321,13176,5,0
2321,14947,1,0
2321,21709,2,0
2321,26620,4,0
2321,28204,8,0
2321,35221,3,0
2321,45007,6,1
2325,24852,1,1
2325,26209,3,0
2325,27845,4,1
2325,47626,2,0
2334,5876,8,1
2334,21709,1,1
2334,24852,2,1
2334,26209,4,0
2334,27845,5,1
2334,28204,7,0
2334,44632,6,0
2334,47626,3,0
2338,24184,5,0
2338,24852,2,0
2338,24964,1,1
2338,26620,4,0
2338,45007,3,1
2342,14233,3,0
2342,18523,2,0
2342,24184,1,1
2346,8518,4,0
2346,21137,5,0
2346,24852,1,1
2346,26209,3,0
2346,47626,2,1
2351,4605,7,0
2351,10749,6,0
2351,21137,1,0
2351,24852,2,1
2351,26209,4,1
2351,47626,3,1
2351,49235,5,0
2360,21709,2,1
2360,26209,1,0
2360,40706,3,1
2365,14947,1,0
2365,21709,2,0
2365,26620,4,0
2365,35221,3,0
2374,14947,1,0
2374,21709,2,1
2374,30489,7,1
2374,35221,3,1
2374,43352,6,1
2374,44632,4,1
2374,45007,5,0
2381,14947,1,1
2381,21709,2,1
2381,35221,3,1
2381,44632,4,1
2389,5077,3,1
2389,21709,2,1
2389,22825,6,0
2389,27086,4,1
2389,27845,1,1
2389,30489,5,0
2389,49235,7,0
2394,14947,1,0
2394,21709,2,0
2394,22935,5,0
2394,26620,4,0
2394,35221,3,0
2394,39275,6,0
2394,45007,8,1
2394,49235,7,0
2403,13176,1,0
2403,17794,4,0
2403,21137,2,1
2403,47209,3,1
2411,196,1,0
2411,18523,5,0
2411,22935,6,0
2411,35951,3,0
2411,44632,4,0
2411,47766,2,1
2418,14233,5,1
2418,21709,2,1
2418,27845,4,1
2418,43154,1,0
2418,49683,3,0
2422,14233,2,1
2422,27086,1,1
2422,35221,4,1
2422,45007,3,0
2426,196,2,0
2426,21288,1,1
2426,22935,4,0
2426,26209,3,0
2426,43352,5,1
2430,5077,3,0
2430,21709,1,1
2430,27086,4,1
2430,27845,2,0
2434,8518,8,0
2434,16797,2,0
2434,21137,3,1
2434,21288,6,0
2434,21709,1,1
2434,22825,9,0
2434,26209,7,0
2434,27966,4,0
2434,39275,5,0
2443,14947,8,1
2443,16797,9,1
2443,17794,4,1
2443,21137,2,1
2443,24184,5,0
2443,24964,6,1
2443,26620,3,0
2443,27845,1,1
2443,49235,7,0
2448,13176,1,0
2448,47209,2,0
2455,14947,1,1
2455,21709,2,1
2455,26620,4,0
2455,35221,3,1
2461,5876,8,0
2461,8518,5,0
2461,21137,1,1
2461,21288,2,0
2461,21709,10,1
2461,24964,7,0
2461,27086,3,0
2461,37710,4,0
2461,43352,6,0
2461,45007,9,0
2471,5077,3,0
2471,6184,1,0
2471,37710,2,0
2471,44632,4,1
2475,13176,1,0
2475,21137,2,0
2475,28842,4,0
2475,47209,3,0
2482,4605,6,0
2482,6184,8,0
2482,14233,3,1
2482,21137,1,1
2482,21288,4,0
2482,24184,5,0
2482,24964,7,1
2482,28204,2,0
2487,27966,2,1
2487,28842,1,0
2487,40706,4,0
2487,47626,3,0
2493,5077,1,1
2493,37710,4,1
2493,39928,3,0
2493,47626,2,0
2497,5876,2,1
2497,27966,5,0
2497,40706,1,0
2497,47626,4,1
2497,49683,3,1
2501,16797,2,0
2501,21288,3,0
2501,21709,1,1
2501,39275,4,0
2501,43154,7,0
2501,43352,5,0
2501,47209,6,0
2505,14233,1,0
2505,14947,2,1
2505,21709,3,1
2505,24852,4,0
2513,14233,3,0
2513,21137,1,1
2513,21288,4,1
2513,28204,5,1
2513,47766,2,1
2522,13176,1,0
2522,21137,2,1
2522,40706,4,0
2522,47209,3,0
2532,13176,5,1
2532,14233,9,1
2532,21137,1,1
2532,21288,7,1
2532,21709,2,1
2532,22825,10,0
2532,26620,4,1
2532,37710,8,1
2532,47209,6,1
2532,47766,3,1
2537,13176,1,1
2537,21137,2,0
2537,47209,3,1
2543,13176,1,1
2543,21137,2,1
2543,22935,4,0
2543,27966,6,0
2543,47209,3,1
2543,49683,5,1
2550,14233,7,1
2550,14947,5,1
2550,16797,1,0
2550,21288,2,0
2550,27966,6,1
2550,39275,3,1
2550,40706,8,1
2550,43352,4,0
2556,14947,2,0
2556,21137,1,1
2556,21709,3,0
2556,24964,6,1
2556,26209,9,1
2556,26620,5,0
2556,27086,7,0
2556,35221,4,0
2556,47766,8,0
2560,21903,3,1
2560,24852,1,1
2560,47766,2,1
2570,12341,5,0
2570,14947,1,1
2570,21709,2,1
2570,35221,3,1
2570,44632,4,0
2577,16797,1,0
2577,21288,2,0
2577,21903,5,1
2577,22935,6,0
2577,39275,3,0
2577,43352,4,1
2586,21137,2,1
2586,28204,3,1
2586,39275,1,1
2596,13176,5,1
2596,14233,2,1
2596,21709,1,1
2596,27966,7,1
2596,39275,4,1
2596,43154,6,1
2596,47626,3,1
2604,21709,2,1
2604,22935,5,1
2604,26209,6,1
2604,27845,1,0
2604,28204,8,0
2604,47209,7,1
2604,47626,4,0
2604,49683,3,0
2610,13176,1,1
2610,16797,3,1
2610,28842,2,0
2616,8518,3,0
2616,27845,1,1
2616,49235,2,1
2621,16797,2,1
2621,21137,1,1
2621,24852,3,0
2621,47209,4,0
2630,196,8,1
2630,10749,2,0
2630,12341,3,0
2630,21709,1,1
2630,26209,5,1
2630,30489,7,0
2630,37710,4,1
2630,43352,6,0
2636,13176,1,1
2636,21137,2,1
2636,27104,5,0
2636,27966,4,0
2636,28204,6,0
2636,47209,3,1
2642,24852,1,1
2642,26209,3,0
2642,47626,2,1
2647,13176,1,0
2647,14947,3,1
2647,24964,2,1
2647,27845,5,1
2647,44632,4,0
2653,13176,1,1
2653,21137,2,1
2653,24852,4,1
2653,47209,3,1
2661,6184,1,0
2661,8518,2,0
2661,24964,5,1
2661,27966,6,0
2661,43352,4,0
2661,47626,3,0
2666,16797,2,1
2666,21137,3,1
2666,21709,1,1
2666,24852,8,0
2666,27845,7,1
2666,27966,4,0
2666,28204,6,0
2666,39275,5,0
2673,196,5,1
2673,6184,4,1
2673,8518,7,0
2673,16797,6,1
2673,24184,2,0
2673,27845,1,1
2673,39275,3,1
2678,5077,2,1
2678,26209,1,0
2678,30489,5,0
2678,34126,4,0
2678,35221,3,0
2686,5876,6,0
2686,14947,1,1
2686,21709,2,1
2686,35221,3,1
2686,44632,4,1
2686,47626,5,1
2686,47766,7,1
2695,14233,2,1
2695,14947,3,1
2695,21709,1,1
2704,22935,1,1
2704,24852,4,1
2704,37710,2,0
2704,40706,3,1
2712,196,7,0
2712,4605,4,0
2712,8518,5,0
2712,24852,1,1
2712,26209,3,1
2712,28204,6,0
2712,47626,2,1
2716,13176,2,1
2716,21137,3,1
2716,27845,1,0
2716,47209,4,1
2720,5077,3,0
2720,21709,1,1
2720,27086,4,0
2720,27845,2,0
2726,196,3,0
2726,21137,2,1
2726,26620,5,0
2726,27086,1,1
2726,45007,4,1
2730,24184,2,0
2730,39928,3,0
2730,47209,1,1
2737,14947,2,0
2737,21288,1,1
2737,21709,3,1
2737,21903,7,1
2737,22935,6,0
2737,35221,4,0
2737,43154,9,1
2737,44632,5,0
2737,45007,8,1
2744,13176,1,1
2744,21137,2,1
2744,24184,4,1
2744,47209,3,0
2754,14233,1,0
2754,14947,2,1
2754,21709,3,1
2754,26209,5,1
2754,34126,6,1
2754,35951,4,1
2764,14947,1,1
2764,21709,2,1
2764,22935,8,1
2764,26209,6,0
2764,35221,3,1
2764,44632,4,1
2764,45007,7,0
2764,46979,5,0
2772,5876,2,0
2772,21709,5,1
2772,26620,6,1
2772,27086,3,1
2772,39275,4,1
2772,49235,1,0
2777,5077,3,1
2777,21709,1,1
2777,27086,4,1
2777,27845,2,0
2782,24964,1,0
2782,40706,2,0
2782,44632,3,0
2786,13176,6,0
2786,16797,2,0
2786,21137,3,0
2786,21903,9,0
2786,22935,7,0
2786,24964,8,0
2786,27086,1,1
2786,27966,4,0
2786,39275,5,0
2796,21903,3,1
2796,24964,2,0
2796,27086,1,0
2796,46979,4,0
2804,6184,2,0
2804,17794,1,0
2804,21137,4,1
2804,27966,3,1
2804,40706,5,0
2804,46979,6,0
2804,47209,7,1
2813,5077,2,0
2813,27086,3,1
2813,27845,1,1
2819,196,2,0
2819,13176,1,1
2827,5077,2,1
2827,14233,3,1
2827,27845,1,1
2827,28842,4,0
2832,24852,1,1
2832,27966,3,1
2832,35951,2,0
2832,47766,4,1
2837,13176,5,1
2837,14947,2,1
2837,21709,1,1
2837,35221,3,1
2837,44632,4,0
2841,6184,4,1
2841,14233,6,0
2841,27845,1,1
2841,35951,5,0
2841,43352,7,0
2841,45007,8,1
2841,47626,3,1
2841,49235,2,0
2848,21903,3,1
2848,24852,1,1
2848,47766,2,1
2854,10749,4,0
2854,21903,1,1
2854,27966,3,1
2854,47766,2,1
2863,196,5,0
2863,13176,2,0
2863,21137,3,1
2863,21288,1,1
2863,47209,4,0
2869,12341,6,0
2869,13176,5,0
2869,14233,1,0
2869,14947,2,1
2869,21709,3,1
2869,39928,4,0
2878,21137,1,1
2878,21903,4,1
2878,24852,2,1
2878,26209,5,1
2878,39275,6,1
2878,47209,7,1
2878,47766,3,1
2882,196,9,0
2882,5077,6,0
2882,12341,5,0
2882,14947,7,0
2882,27845,1,0
2882,39275,3,0
2882,45007,4,0
2882,47626,2,0
2882,47766,8,0
2891,14233,9,1
2891,14947,2,1
2891,21137,6,0
2891,21709,3,1
2891,26620,8,1
2891,27845,1,1
2891,35221,4,1
2891,44632,5,1
2891,47209,7,1
2901,5077,7,1
2901,5876,9,0
2901,8518,4,0
2901,14233,3,1
2901,16797,5,0
2901,17794,8,0
2901,21709,1,1
2901,27086,2,1
2901,27845,6,1
2907,13176,5,1
2907,22935,4,1
2907,26209,2,1
2907,27845,1,1
2907,28842,3,0
2907,47209,6,1
2913,5077,3,0
2913,6184,1,0
2913,22935,5,0
2913,27966,4,1
2913,28204,2,0
2920,5077,2,0
2920,24184,5,0
2920,24852,6,1
2920,27086,3,0
2920,27845,1,1
2920,47209,4,1
2928,13176,7,0
2928,21709,5,1
2928,27845,1,1
2928,28204,6,0
2928,30489,4,0
2928,39275,3,0
2928,44632,2,1
2937,5077,1,1
2937,21903,7,1
2937,26209,4,1
2937,26620,3,1
2937,27966,5,1
2937,30489,2,0
2937,43352,6,0
2937,49235,8,0
2941,13176,3,1
2941,14947,6,0
2941,21709,7,0
2941,27086,1,0
2941,27966,2,0
2941,43154,4,0
2941,45007,5,0
2951,14233,1,0
2951,21137,2,1
2951,27966,3,0
2951,46979,4,0
2957,14233,1,1
2957,44632,2,0
2957,47209,3,0
2962,5876,2,1
2962,6184,6,0
2962,21137,7,0
2962,27966,4,0
2962,28204,8,1
2962,28842,5,0
2962,35951,1,0
2962,43352,3,0
2971,5077,4,0
2971,24852,5,1
2971,47209,1,1
2971,47626,3,1
2971,47766,2,1
2978,21903,4,1
2978,24852,2,1
2978,27845,1,1
2978,47766,3,0
2982,14233,5,1
2982,24964,4,1
2982,27845,3,0
2982,30489,2,0
2982,35221,1,1
2982,45007,6,1
2989,13176,1,0
2989,17794,8,1
2989,24852,6,1
2989,24964,5,1
2989,27845,2,1
2989,30489,4,0
2989,39928,7,1
2989,47209,3,0
2998,24184,2,0
2998,27966,1,0
2998,30489,6,1
2998,31717,5,0
2998,43154,3,1
2998,47209,4,1
3005,14233,3,0
3005,21137,1,0
3005,21709,5,1
3005,24852,4,1
3005,47766,2,1
3005,49683,6,1
3015,14233,2,1
3015,16797,6,1
3015,21288,7,1
3015,21903,1,1
3015,26209,5,1
3015,31717,4,1
3015,35221,3,1
3023,27845,1,1
3023,27966,2,1
3023,43352,4,0
3023,49683,3,1
3031,14947,1,1
3031,21137,5,1
3031,21709,2,1
3031,35221,3,1
3031,44632,4,1
3031,49683,6,1
3041,24852,4,1
3041,27845,2,1
3041,43352,1,1
3041,44632,3,0
3051,8518,4,1
3051,13176,1,1
3051,14233,7,0
3051,21137,2,1
3051,28204,6,0
3051,47209,3,1
3051,47626,5,0
3061,21709,1,1
3061,31717,3,1
3061,40706,7,1
3061,43154,2,1
3061,44632,5,1
3061,46979,4,1
3061,49235,6,0
3071,24852,1,1
3071,26209,3,1
3071,47626,2,0
3079,5876,6,0
3079,26209,1,0
3079,34126,5,0
3079,40706,4,0
3079,45007,3,1
3079,49235,2,0
3085,5876,4,0
3085,6184,7,0
3085,17794,5,0
3085,27104,2,0
3085,27845,1,1
3085,47766,3,0
3085,49235,6,1
3094,16797,6,1
3094,21137,7,1
3094,22935,1,0
3094,24964,2,1
3094,27104,8,1
3094,45007,3,0
3094,46979,5,0
3094,49683,4,1
3099,17794,9,1
3099,22935,2,0
3099,24184,8,1
3099,24964,3,0
3099,27845,1,0
3099,28204,7,0
3099,45007,4,0
3099,47626,6,1
3099,49683,5,0
3106,16797,1,1
3106,21288,2,0
3106,39275,3,1
3106,43352,4,0
3110,6184,4,0
3110,13176,1,0
3110,21137,2,1
3110,24852,5,0
3110,46979,7,0
3110,47209,3,0
3110,49235,6,1
3119,21903,2,1
3119,24964,5,1
3119,26620,3,1
3119,47626,4,1
3119,49235,1,1
3129,21903,2,0
3129,35951,1,1
3129,43154,3,1
3135,196,6,0
3135,5077,3,1
3135,14947,7,0
3135,21903,1,1
3135,24852,8,1
3135,35221,4,1
3135,39928,2,1
3135,45007,5,1
3143,13176,2,0
3143,21137,3,0
3143,21288,1,1
3143,26209,7,0
3143,26620,6,1
3143,28204,5,0
3143,47209,4,0
3149,5876,7,0
3149,8518,4,0
3149,14947,2,0
3149,16797,3,1
3149,21137,1,0
3149,21288,6,1
3149,27086,5,1
3156,16797,1,1
3156,21137,2,1
3156,27966,3,1
3156,35221,5,1
3156,39275,4,1
3163,21137,4,1
3163,21288,5,1
3163,24852,1,1
3163,26209,3,1
3163,47626,2,1
3173,21709,5,1
3173,22935,1,1
3173,24964,2,1
3173,45007,3,0
3173,49683,4,1
3178,5077,6,0
3178,24852,1,1
3178,26209,3,0
3178,35951,4,1
3178,44632,5,0
3178,47626,2,1
3188,5876,3,0
3188,21709,2,1
3188,27086,1,1
3188,40706,4,0
3193,14947,5,1
3193,21903,3,0
3193,24852,1,1
3193,45007,4,1
3193,47766,2,0
3202,13176,6,0
3202,14947,2,1
3202,21137,5,1
3202,21709,1,1
3202,24852,7,1
3202,35221,3,1
3202,44632,4,1
3212,196,1,0
3212,5876,4,0
3212,8518,2,0
3212,24852,3,1
3212,31717,5,0
3212,45007,6,1
3220,13176,6,1
3220,14233,2,1
3220,14947,3,1
3220,21288,1,0
3220,21709,4,1
3220,27966,8,1
3220,44632,5,0
3220,46979,7,1
3224,5876,5,1
3224,16797,1,1
3224,21288,2,0
3224,31717,8,1
3224,35221,7,0
3224,39275,3,1
3224,39928,6,0
3224,43352,4,0
3234,16797,1,1
3234,21137,2,0
3234,27966,3,1
3234,39275,4,1
3242,6184,6,0
3242,14947,7,1
3242,21709,1,0
3242,21903,5,1
3242,24852,3,1
3242,27086,2,1
3242,27966,8,1
3242,47766,4,1
3248,21903,3,0
3248,24852,1,1
3248,47766,2,0
3252,14233,6,0
3252,16797,1,0
3252,21137,2,1
3252,27845,7,1
3252,27966,3,0
3252,39275,4,0
3252,47209,5,1
3252,47766,8,0
3262,6184,7,0
3262,14233,5,1
3262,14947,4,1
3262,21903,6,1
3262,24852,1,1
3262,26209,3,1
3262,47626,2,1
3272,13176,5,1
3272,14947,3,1
3272,18523,2,0
3272,21137,4,1
3272,21709,1,1
3276,5876,3,0
3276,21903,6,0
3276,27086,4,0
3276,28204,5,0
3276,39275,1,1
3276,43352,2,1
3284,14947,1,1
3284,21709,2,1
3284,26620,4,0
3284,27086,5,1
3284,35221,3,1
3284,46979,6,0
3289,39275,1,0
3289,39928,2,0
3289,43154,5,0
3289,49235,3,0
3289,49683,4,0
3296,5077,2,0
3296,24964,5,1
3296,27086,3,1
3296,27845,1,1
3296,44632,4,1
3304,4605,3,1
3304,13176,2,0
3304,21288,1,1
3304,39928,4,0
3304,49235,5,1
3313,22935,1,1
3313,30489,2,1
3322,21903,1,1
3322,24852,2,0
3322,35221,3,0
3326,5077,7,1
3326,12341,6,0
3326,21137,1,0
3326,39275,5,1
3326,40706,3,0
3326,47626,4,0
3326,49683,2,0
3336,13176,6,0
3336,16797,2,1
3336,21137,3,1
3336,21288,1,1
3336,26620,7,0
3336,27966,4,1
3336,34126,8,0
3336,39275,5,1
3340,21709,2,0
3340,21903,1,0
3340,35221,3,0
3344,14947,1,1
3344,21709,2,1
3344,35221,3,1
3344,44632,4,0
3352,5077,2,1
3352,22935,6,0
3352,24852,5,1
3352,27086,3,1
3352,27845,1,1
3352,49235,4,1
3360,21903,5,1
3360,24852,3,1
3360,27086,2,0
3360,27845,1,1
3360,47766,4,1
3367,16797,8,1
3367,21288,3,1
3367,24964,6,1
3367,27086,5,1
3367,27845,1,1
3367,34126,2,0
3367,47209,7,0
3367,49235,4,0
3377,14947,1,0
3377,21709,2,0
3377,30489,5,0
3377,35221,3,1
3377,44632,4,0
3384,21137,7,1
3384,21709,1,1
3384,27104,4,1
3384,39275,5,0
3384,40706,6,0
3384,45007,2,0
3384,47626,3,0
3389,16797,1,1
3389,21137,2,1
3389,27966,3,1
3389,39275,4,1
3396,6184,2,0
3396,21137,6,1
3396,21709,1,1
3396,22825,8,0
3396,24852,3,1
3396,26620,5,0
3396,31717,7,0
3396,39275,9,1
3396,47766,4,1
3404,5077,3,0
3404,21709,1,1
3404,27086,4,0
3404,27845,2,1
3404,47766,5,1
3413,12341,3,1
3413,14233,6,1
3413,14947,4,1
3413,21709,1,1
3413,47626,7,0
3413,47766,2,1
3413,49683,5,1
3419,12341,5,1
3419,16797,7,1
3419,21288,1,1
3419,21903,4,0
3419,24852,2,1
3419,45007,6,0
3419,47766,3,0
3427,13176,1,1
3427,21137,2,1
3427,24184,5,0
3427,43352,4,1
3427,47209,3,0
3436,6184,5,1
3436,12341,6,0
3436,14947,1,1
3436,21709,2,1
3436,35221,3,1
3436,44632,4,1
3436,47626,7,1
3444,14947,1,1
3444,21709,2,1
3444,35221,3,1
3444,43154,5,0
3444,44632,4,1
3451,13176,1,0
3451,40706,2,1
3455,6184,5,0
3455,16797,1,0
3455,21288,2,0
3455,24852,7,0
3455,26209,8,0
3455,39275,3,1
3455,43352,4,0
3455,44632,6,0
3462,16797,5,1
3462,21137,3,1
3462,21288,1,1
3462,21903,2,1
3462,22935,6,1
3462,24184,4,0
3469,16797,1,0
3469,21288,2,0
3469,39275,3,1
3469,43352,4,0
3477,14947,1,1
3477,21709,2,1
3477,35221,3,1
3477,44632,4,0
3483,16797,4,1
3483,21903,1,0
3483,27966,2,1
3483,40706,3,0
3492,196,7,1
3492,24184,2,1
3492,26620,3,0
3492,28204,4,1
3492,37710,6,1
3492,39928,5,1
3492,47209,1,0
3496,196,1,0
3496,5876,2,0
3496,44632,3,1
3503,196,4,0
3503,16797,7,0
3503,21903,5,1
3503,24964,3,1
3503,27845,1,1
3503,37710,2,1
3503,47626,6,1
3503,49235,9,0
3503,49683,8,1
3511,5077,6,0
3511,13176,5,0
3511,16797,7,0
3511,21137,4,1
3511,27845,1,1
3511,35951,3,0
3511,47626,2,1
3521,14947,2,1
3521,21709,3,1
3521,27845,1,1
3521,35221,4,0
3521,44632,5,0
3530,16797,5,1
3530,21709,1,1
3530,24852,2,0
3530,24964,6,0
3530,26209,4,0
3530,28204,7,0
3530,47626,3,1
3540,8518,5,0
3540,21137,3,1
3540,21709,1,1
3540,24964,4,1
3540,39275,2,1
3549,16797,2,1
3549,21288,1,1
3549,30489,6,0
3549,39275,3,1
3549,43352,4,1
3549,45007,5,1
3557,14947,2,0
3557,21137,1,1
3557,21709,3,1
3557,26620,5,0
3557,35221,4,1
3563,24852,1,0
3563,26209,3,1
3563,47626,2,0
3573,21137,5,1
3573,21288,1,1
3573,21903,7,0
3573,27086,2,1
3573,30489,6,0
3573,39275,8,1
3573,40706,3,0
3573,49235,4,0
3581,16797,2,1
3581,21137,1,1
3581,27104,3,0
3581,44632,4,0
3581,47626,5,1
3589,5077,2,1
3589,16797,5,1
3589,17794,6,1
3589,27086,3,1
3589,27845,1,1
3589,47766,4,1
3598,12341,5,0
3598,24852,1,1
3598,26209,3,1
3598,28842,4,0
3598,39275,6,0
3598,47626,2,0
3608,16797,2,1
3608,21288,3,1
3608,27845,1,1
3608,39275,4,0
3608,43352,5,0
3615,13176,2,1
3615,21137,3,1
3615,21709,1,1
3615,43154,5,0
3615,47209,4,0
3623,14947,8,1
3623,16797,1,1
3623,21137,2,1
3623,22935,5,1
3623,27845,7,1
3623,27966,3,0
3623,30489,6,0
3623,39275,4,1
3630,16797,1,0
3630,21137,2,1
3630,22935,7,0
3630,27966,3,1
3630,37710,5,0
3630,39275,4,1
3630,47209,6,1
3635,10749,5,0
3635,24184,6,0
3635,24852,8,1
3635,26209,2,0
3635,39275,7,0
3635,43154,3,1
3635,47626,4,0
3635,47766,1,1
3645,5876,5,1
3645,22935,7,0
3645,26209,2,1
3645,27845,1,1
3645,28842,4,0
3645,39275,6,1
3645,49235,3,1
3655,8518,2,0
3655,27966,3,1
3655,31717,1,0
3662,13176,2,1
3662,21137,3,1
3662,27845,1,1
3662,47209,4,1
3668,13176,6,1
3668,17794,2,1
3668,21288,3,1
3668,30489,1,0
3668,47626,4,0
3668,49683,5,0
3676,6184,5,1
3676,24184,4,0
3676,24852,1,1
3676,26209,3,0
3676,34126,6,0
3676,44632,7,1
3676,47626,2,1
3684,13176,2,0
3684,21137,3,1
3684,27845,1,1
3684,47209,4,1
3692,5077,3,1
3692,43352,2,1
3692,47766,1,0
3701,14947,2,1
3701,21709,1,1
3701,26620,4,1
3701,35221,3,1
3706,16797,1,1
3706,21137,2,1
3706,27966,3,0
3706,39275,4,1
3713,13176,5,1
3713,16797,1,1
3713,21288,2,1
3713,39275,3,1
3713,40706,6,1
3713,43352,4,0
3718,6184,4,0
3718,14233,3,1
3718,22825,1,0
3718,24964,5,0
3718,27966,2,1
3724,13176,2,1
3724,21137,3,1
3724,24852,6,1
3724,27086,1,1
3724,27845,7,1
3724,44632,5,1
3724,47209,4,0
3734,21137,2,1
3734,21288,1,1
3734,21903,5,1
3734,22935,3,1
3734,27845,7,1
3734,37710,6,1
3734,49235,4,1
3738,6184,2,1
3738,14233,3,0
3738,27966,1,0
3742,14947,1,1
3742,21709,2,0
3742,35221,3,0
3742,44632,4,0
3747,16797,3,1
3747,21137,2,1
3747,21288,4,1
3747,27845,1,0
3747,39275,5,1
3747,43352,6,0
3752,13176,5,0
3752,16797,1,0
3752,21137,2,1
3752,27966,3,0
3752,39275,4,0
3758,26209,1,0
3758,27104,5,1
3758,27845,3,1
3758,43154,7,0
3758,47766,6,0
3758,49235,4,0
3758,49683,2,0
3767,5876,3,1
3767,21709,1,1
3767,39275,2,1
3774,13176,8,0
3774,14233,7,0
3774,16797,1,1
3774,24184,4,0
3774,26620,6,0
3774,27086,5,1
3774,30489,3,0
3774,43352,2,1
3780,12341,4,0
3780,16797,2,0
3780,22935,1,1
3780,24184,3,0
3780,24852,5,1
3788,21903,3,1
3788,24852,1,1
3788,47766,2,1
3796,14233,4,1
3796,21137,2,1
3796,21709,1,1
3796,24852,3,0
3804,196,3,0
3804,12341,4,1
3804,28204,2,1
3804,30489,6,1
3804,47209,1,0
3804,47766,5,1
3810,12341,5,0
3810,22935,1,1
3810,24964,2,1
3810,30489,6,1
3810,45007,3,0
3810,49683,4,0
3820,13176,1,1
3820,16797,5,1
3820,21137,2,1
3820,34126,4,1
3820,47209,3,1
3825,5077,3,0
3825,24852,4,1
3825,27845,1,0
3825,40706,2,0
3829,196,3,1
3829,12341,1,1
3829,21288,5,1
3829,24852,4,1
3829,49683,2,0
3835,4605,4,0
3835,13176,1,1
3835,21137,2,1
3835,39928,5,0
3835,47209,3,0
3839,14947,1,0
3839,21709,2,0
3839,35221,3,0
3839,44632,4,0
3845,13176,3,1
3845,14233,1,0
3845,27966,7,0
3845,43154,2,1
3845,43352,5,1
3845,45007,6,1
3845,47209,4,0
3855,16797,2,1
3855,21709,4,1
3855,22935,7,0
3855,26209,1,1
3855,39928,3,0
3855,40706,5,1
3855,43352,6,0
3862,24852,4,1
3862,28842,3,1
3862,43352,5,1
3862,45007,2,1
3862,47766,1,1
3872,16797,2,1
3872,21137,3,0
3872,27845,1,1
3872,27966,4,1
3872,39275,5,0
3882,6184,4,0
3882,13176,2,1
3882,21137,1,1
3882,47209,3,1
3890,14947,2,0
3890,21288,1,0
3890,21709,3,1
3890,26620,5,0
3890,35221,4,1
3895,5077,2,0
3895,21709,6,0
3895,27086,3,0
3895,27104,5,0
3895,27845,1,1
3895,37710,7,0
3895,47209,4,1
3903,5077,5,0
3903,16797,1,1
3903,21137,2,1
3903,27966,3,0
3903,39275,4,1
3913,24852,1,1
3913,26209,3,1
3913,47626,2,1
3917,14947,1,1
3917,21709,2,1
3917,24852,5,0
3917,35221,3,1
3917,44632,4,0
3922,12341,1,0
3922,14947,3,1
3922,21709,4,1
3922,43154,2,0
3930,8518,7,0
3930,16797,1,1
3930,21137,2,1
3930,21709,5,1
3930,27966,3,1
3930,34126,8,0
3930,39275,4,1
3930,49683,6,1
3940,14947,1,1
3940,21709,2,1
3940,26209,5,0
3940,26620,4,1
3940,35221,3,1
3944,21903,1,0
3944,28204,4,0
3944,37710,2,0
3944,44632,3,0
3951,24852,1,1
3951,26209,3,1
3951,47626,2,0
3955,16797,2,0
3955,21137,1,1
3955,27966,3,0
3955,39275,4,0
3964,22935,1,0
3964,24964,2,1
3964,28842,5,1
3964,39275,7,1
3964,44632,6,0
3964,45007,3,0
3964,49683,4,1
3972,5876,3,0
3972,14233,5,1
3972,17794,2,0
3972,21709,1,1
3972,27966,7,1
3972,28204,4,1
3972,45007,6,1
3972,47626,8,1
3976,10749,5,0
3976,13176,3,0
3976,14947,2,0
3976,39275,4,0
3976,47766,1,0
3980,14947,2,1
3980,21709,1,1
3980,26620,4,1
3980,28204,5,1
3980,35221,3,1
3980,35951,6,0
3989,16797,2,1
3989,21137,4,1
3989,24964,5,1
3989,27966,1,0
3989,37710,3,0
3989,43352,6,1
3993,5876,2,0
3993,24964,3,0
3993,39275,1,0
3993,44632,4,0
4000,21903,3,0
4000,24852,1,1
4000,47766,2,1
4009,10749,7,1
4009,16797,2,0
4009,21288,3,1
4009,27845,1,1
4009,39275,4,1
4009,43352,5,1
4009,45007,6,1
4014,21137,4,1
4014,21903,3,0
4014,24852,1,0
4014,47766,2,0
4022,21288,5,1
4022,24852,7,1
4022,27845,4,1
4022,28204,2,1
4022,39275,3,1
4022,47209,1,1
4022,47766,6,1
4030,21288,1,1
4030,22935,2,1
4030,24964,3,1
4030,45007,4,1
4030,49683,5,1
4037,12341,3,0
4037,18523,2,0
4037,21137,6,1
4037,21288,1,0
4037,26209,5,1
4037,30489,4,0
4041,13176,5,1
4041,16797,4,0
4041,21137,1,0
4041,21903,3,0
4041,27086,2,0
4049,16797,1,0
4049,21288,2,1
4049,39275,3,0
4049,43352,4,0
4057,14233,1,0
4057,14947,2,1
4057,21709,3,1
4057,27104,4,0
4057,43352,5,1
4066,13176,3,1
4066,18523,1,0
4066,27104,5,0
4066,30489,2,1
4066,43154,4,0
4074,196,5,0
4074,21709,1,1
4074,22825,6,0
4074,22935,4,0
4074,24852,3,0
4074,27086,2,0
4081,16797,2,1
4081,21709,5,0
4081,26209,4,0
4081,44632,6,0
4081,45007,1,1
4081,47209,3,1
4088,16797,3,1
4088,21288,2,1
4088,21903,6,1
4088,27845,1,1
4088,39275,4,1
4088,43352,5,1
4095,8518,1,0
4095,21709,4,1
4095,27845,3,1
4095,31717,2,1
4102,16797,1,0
4102,21288,2,0
4102,39275,3,0
4102,43352,4,1
4108,4605,5,0
4108,16797,1,0
4108,21288,2,0
4108,22935,7,0
4108,37710,6,1
4108,39275,3,0
4108,43352,4,0
4112,4605,6,0
4112,16797,2,0
4112,21288,3,1
4112,21709,1,1
4112,24852,7,0
4112,39275,4,1
4112,43352,5,0
4112,46979,9,1
4112,47209,8,1
4118,5077,6,0
4118,16797,5,1
4118,21903,4,1
4118,24852,2,1
4118,27845,1,1
4118,28204,8,1
4118,31717,7,1
4118,47766,3,1
4128,5876,6,1
4128,21903,3,0
4128,24852,1,1
4128,26209,4,1
4128,30489,5,1
4128,31717,7,1
4128,47766,2,1
4134,21137,5,1
4134,24852,1,1
4134,26209,4,0
4134,30489,2,1
4134,37710,3,0
4138,14947,2,1
4138,21709,1,1
4138,35221,3,1
4138,44632,4,1
4142,196,2,0
4142,5876,4,0
4142,27845,3,0
4142,47626,1,1
4148,14233,4,1
4148,21137,5,1
4148,21903,6,1
4148,24184,2,0
4148,35221,1,1
4148,40706,3,0
4148,47766,7,1
4152,21903,3,0
4152,24852,1,1
4152,47766,2,1
4161,16797,1,1
4161,21137,2,1
4161,26620,5,1
4161,27966,3,0
4161,37710,6,1
4161,39275,4,1
4170,6184,5,0
4170,13176,4,1
4170,14947,6,1
4170,21137,1,1
4170,24852,3,1
4170,47209,2,1
4178,4605,4,0
4178,6184,2,1
4178,12341,6,0
4178,21903,1,1
4178,24964,5,0
4178,47209,3,1
4182,13176,5,0
4182,14233,2,1
4182,14947,3,1
4182,21709,1,1
4182,34126,4,0
4187,24852,2,1
4187,26209,4,1
4187,27845,1,0
4187,44632,5,0
4187,47626,3,1
4193,14233,1,0
4193,14947,2,1
4193,21137,4,1
4193,21709,3,1
4193,22825,5,1
4201,14947,2,1
4201,21709,3,1
4201,22825,7,0
4201,22935,8,0
4201,24852,6,1
4201,26620,5,0
4201,27845,1,1
4201,35221,4,1
4210,13176,2,1
4210,14947,4,0
4210,17794,1,0
4210,28842,3,1
4220,4605,5,0
4220,24852,1,1
4220,26209,3,0
4220,40706,4,0
4220,47626,2,1
4226,22825,1,0
4226,24852,2,1
4226,31717,3,0
4236,18523,4,0
4236,21903,3,1
4236,24852,1,1
4236,47766,2,1
4244,12341,4,0
4244,22825,5,0
4244,24852,3,1
4244,27086,6,1
4244,37710,2,1
4244,40706,1,0
4254,22935,1,1
4254,24964,2,1
4254,34126,6,1
4254,35951,5,0
4254,45007,3,0
4254,49683,4,0
4260,12341,5,0
4260,14233,6,0
4260,22935,1,1
4260,24964,2,0
4260,28204,8,0
4260,35951,7,0
4260,45007,3,0
4260,49683,4,0
4269,24964,3,0
4269,27104,4,0
4269,27845,1,1
4269,40706,2,0
4279,12341,6,0
4279,21137,5,1
4279,21709,1,1
4279,21903,4,1
4279,24184,7,0
4279,24852,2,1
4279,47766,3,1
4285,5077,3,0
4285,12341,2,0
4285,27845,1,1
4285,27966,5,1
4285,40706,4,0
4290,5876,5,0
4290,16797,1,1
4290,21137,2,0
4290,27966,3,1
4290,39275,4,1
4290,47766,6,1
4295,5077,7,0
4295,16797,2,1
4295,21137,3,1
4295,21709,1,1
4295,22825,6,0
4295,27966,4,1
4295,39275,5,1
4295,44632,8,1
4302,13176,2,1
4302,21137,3,1
4302,21709,1,1
4302,22935,5,1
4302,47209,4,1
4307,21288,1,0
4307,22935,5,1
4307,24852,4,1
4307,45007,2,0
4307,47209,3,1
4314,4605,6,0
4314,21709,1,1
4314,24852,2,1
4314,26209,4,1
4314,40706,5,0
4314,47626,3,1
4323,27845,1,1
4323,27966,3,1
4323,40706,4,0
4323,47626,2,1
4327,16797,1,1
4327,21137,2,1
4327,27966,3,1
4327,30489,5,0
4327,39275,4,1
4333,14947,1,0
4333,17794,4,0
4333,21709,2,1
4333,27845,6,1
4333,30489,5,0
4333,47209,3,1
4342,16797,1,1
4342,21137,2,1
4342,24964,5,1
4342,27966,3,1
4342,39275,4,1
4342,40706,8,1
4342,43154,7,1
4342,47766,6,1
4348,12341,2,1
4348,30489,1,0
4348,49683,3,0
4356,14947,2,1
4356,21137,1,1
4356,21709,3,1
4356,26620,5,1
4356,35221,4,1
4362,5077,2,1
4362,14947,5,0
4362,24852,4,0
4362,30489,3,0
4362,37710,1,0
4369,4605,2,1
4369,18523,5,0
4369,24852,4,0
4369,39928,1,0
4369,40706,3,0
4378,14233,5,1
4378,21903,3,1
4378,24852,1,1
4378,30489,4,1
4378,47766,2,1
4382,5077,5,1
4382,16797,3,0
4382,22935,4,0
4382,27086,2,1
4382,27845,1,1
4382,28204,6,0
4382,39275,7,0
4382,49235,8,0
4386,13176,6,0
4386,21709,4,1
4386,27086,7,0
4386,27845,1,0
4386,27966,5,0
4386,35221,3,1
4386,49235,2,0
4395,21903,4,0
4395,22935,5,1
4395,24852,2,1
4395,26209,7,0
4395,27086,1,0
4395,31717,6,1
4395,47766,3,0
4402,196,7,1
4402,16797,6,1
4402,21137,1,0
4402,21288,3,0
4402,21709,2,1
4402,26209,5,1
4402,28204,4,1
4412,22935,1,1
4412,24964,2,1
4412,27086,5,1
4412,45007,3,1
4412,49683,4,1
4422,21137,1,1
4422,21709,2,1
4422,21903,5,1
4422,24852,3,1
4422,34126,6,1
4422,47766,4,1
4429,17794,5,0
4429,21903,8,0
4429,22825,2,1
4429,27086,1,1
4429,27966,6,1
4429,28204,4,0
4429,35951,7,0
4429,43154,3,1
4439,14947,1,1
4439,17794,8,1
4439,21709,2,1
4439,24184,6,1
4439,26620,4,1
4439,27104,5,0
4439,35221,3,1
4439,47626,7,1
4448,21903,4,1
4448,24852,2,1
4448,27845,1,1
4448,43352,5,1
4448,47766,3,0
4456,14233,1,0
4456,14947,2,0
4456,21709,3,0
4456,44632,5,0
4456,47626,4,1
4456,49235,6,0
4462,6184,2,1
4462,14947,4,1
4462,21709,1,0
4462,26209,5,1
4462,34126,3,0
4467,5876,7,0
4467,21288,1,1
4467,24852,2,1
4467,26209,4,1
4467,27845,6,1
4467,40706,5,0
4467,47626,3,1
4472,14947,2,1
4472,21709,3,0
4472,26620,5,0
4472,27845,1,1
4472,35221,4,1
4472,35951,6,0
4472,47626,7,1
4479,14233,4,1
4479,21903,2,1
4479,27086,3,1
4479,27845,1,1
4479,43154,5,1
4485,12341,5,0
4485,21137,6,1
4485,21709,1,1
4485,30489,2,1
4485,34126,7,1
4485,40706,4,0
4485,47766,3,1
4494,14233,2,0
4494,14947,3,0
4494,21709,4,0
4494,27845,1,1
4494,27966,5,1
4504,8518,7,1
4504,13176,2,1
4504,21137,1,1
4504,22935,6,1
4504,30489,5,0
4504,47209,3,1
4504,49683,4,1
4511,8518,1,1
4511,14233,3,0
4511,14947,7,1
4511,39275,5,1
4511,44632,8,1
4511,45007,6,1
4511,47209,2,0
4511,47766,4,1
4521,6184,8,0
4521,13176,3,1
4521,21137,2,1
4521,24184,6,1
4521,27845,7,1
4521,27966,4,1
4521,28842,1,0
4521,40706,5,0
4530,5876,7,1
4530,8518,2,1
4530,26209,1,1
4530,27086,5,0
4530,27845,6,1
4530,43352,3,1
4530,45007,8,1
4530,49683,4,1
4540,14233,8,1
4540,16797,4,1
4540,21288,3,0
4540,21709,2,1
4540,21903,7,0
4540,26620,11,1
4540,27845,1,1
4540,31717,5,0
4540,40706,9,1
4540,43154,10,1
4540,49235,6,1
4548,5876,2,1
4548,17794,7,1
4548,21903,1,1
4548,27845,3,1
4548,43352,6,1
4548,47766,4,0
4548,49235,5,1
4558,21903,3,1
4558,24852,1,1
4558,40706,4,0
4558,47766,2,1
4568,14233,4,1
4568,24852,1,1
4568,26209,3,1
4568,47626,2,1
4573,5077,4,1
4573,6184,1,0
4573,22935,2,0
4573,39275,6,1
4573,39928,5,0
4573,49683,3,1
4582,4605,7,0
4582,13176,2,1
4582,16797,6,1
4582,21137,3,1
4582,21288,1,1
4582,27845,5,1
4582,35951,8,0
4582,47209,4,0
4587,21709,1,1
4587,24852,2,0
4587,26209,4,0
4587,43352,5,1
4587,47766,3,0
4591,21288,4,0
4591,21709,1,1
4591,22825,3,0
4591,27845,7,0
4591,40706,6,1
4591,46979,2,0
4591,49235,5,1
4597,13176,8,0
4597,14947,1,1
4597,21709,2,1
4597,21903,7,0
4597,27966,5,1
4597,35221,3,1
4597,35951,6,1
4597,44632,4,0
4603,13176,1,1
4603,21137,2,0
4603,26620,5,0
4603,27845,6,1
4603,31717,4,0
4603,47209,3,1
4611,5077,1,1
4611,8518,2,0
4619,5876,8,1
4619,21137,2,0
4619,21709,7,0
4619,21903,5,0
4619,24852,1,0
4619,39275,4,1
4619,39928,6,0
4619,43352,3,1
4629,4605,5,0
4629,14947,1,1
4629,21709,2,1
4629,28842,6,0
4629,30489,8,1
4629,35221,3,1
4629,44632,4,1
4629,49683,7,1
4636,4605,5,0
4636,8518,3,0
4636,16797,8,1
4636,21709,1,1
4636,24964,2,0
4636,39275,6,1
4636,40706,7,0
4636,44632,4,1
4643,21137,2,0
4643,21709,1,1
4643,24852,7,1
4643,26620,3,1
4643,28204,4,1
4643,34126,5,0
4643,35951,8,0
4643,47626,6,1
4651,196,4,0
4651,24852,1,1
4651,26209,3,1
4651,47626,2,1
4658,14947,6,0
4658,21903,3,1
4658,24852,1,1
4658,24964,5,0
4658,35221,4,0
4658,47766,2,1
4667,5077,2,1
4667,5876,4,0
4667,8518,7,0
4667,26620,5,0
4667,27086,3,1
4667,27845,1,1
4667,40706,6,0
4675,13176,5,1
4675,14947,1,1
4675,21709,2,1
4675,22825,6,0
4675,35221,3,1
4675,44632,4,1
4681,21903,3,0
4681,24852,1,0
4681,30489,4,1
4681,47766,2,1
4689,14947,5,1
4689,17794,3,1
4689,22935,1,1
4689,39275,4,1
4689,47209,2,0
4689,49683,6,1
4695,21288,1,1
4695,26620,5,1
4695,27845,2,1
4695,40706,3,0
4695,43154,4,1
4695,49235,6,0
4705,21288,1,0
4705,21903,4,1
4705,24852,2,1
4705,27966,5,1
4705,47766,3,1
4714,21709,4,1
4714,21903,3,0
4714,24852,1,1
4714,47766,2,0
4724,13176,4,1
4724,24852,1,1
4724,26209,3,1
4724,35221,5,0
4724,44632,6,0
4724,47626,2,1
4732,22935,1,0
4732,24852,6,1
4732,24964,2,0
4732,26620,5,1
4732,45007,3,0
4732,49683,4,1
4736,196,3,0
4736,24852,6,1
4736,28204,5,0
4736,39928,4,1
4736,43154,1,0
4736,47209,2,0
4740,196,2,0
4740,12341,3,1
4740,21709,1,1
4740,26620,5,0
4740,27966,6,1
4740,31717,4,0
4745,14947,1,1
4745,21709,2,1
4745,27845,5,0
4745,35221,3,0
4745,44632,4,1
4754,14947,4,1
4754,47626,1,0
4754,49235,3,0
4754,49683,2,0
4758,13176,1,0
4758,21288,5,1
4758,21903,2,0
4758,24852,6,0
4758,30489,3,1
4758,34126,4,0
4758,47626,7,0
4762,14947,1,1
4762,21709,2,1
4762,26620,4,0
4762,35221,3,1
4762,43154,5,0
4762,45007,6,1
4762,47209,7,0
4766,6184,5,0
4766,12341,8,0
4766,16797,1,0
4766,21137,2,0
4766,22935,6,1
4766,27845,7,0
4766,27966,3,0
4766,39275,4,0
4773,196,4,0
4773,10749,7,0
4773,21288,3,1
4773,26620,1,1
4773,39275,5,1
4773,46979,2,1
4773,49235,8,0
4773,49683,6,0
4783,5077,2,1
4783,6184,4,1
4783,27086,3,1
4783,27845,1,1
4783,40706,5,1
4791,14233,3,1
4791,21709,6,1
4791,24964,5,1
4791,27086,1,0
4791,35221,4,1
4791,35951,2,1
4801,5876,2,0
4801,12341,3,1
4801,37710,4,1
4801,44632,1,1
4801,46979,5,0
4809,6184,4,0
4809,10749,5,0
4809,21137,3,0
4809,27086,7,1
4809,35221,1,1
4809,46979,2,0
4809,47209,6,1
4815,17794,3,1
4815,24964,4,1
4815,31717,2,0
4815,43352,1,0
4815,45007,5,1
4815,49683,6,1
4819,17794,4,0
4819,21137,1,1
4819,44632,3,0
4819,45007,5,0
4819,47766,2,1
4828,13176,7,1
4828,17794,4,0
4828,21903,3,1
4828,24852,1,1
4828,43352,5,0
4828,45007,6,0
4828,47766,2,1
4837,12341,5,1
4837,14233,1,1
4837,14947,2,1
4837,21709,3,1
4837,26620,4,1
4837,27845,7,1
4837,49235,6,0
4847,16797,1,1
4847,21288,2,1
4847,27086,6,0
4847,37710,7,1
4847,39275,3,1
4847,43352,4,1
4847,49235,5,1
4855,22935,1,0
4855,24964,2,0
4855,37710,5,0
4855,45007,3,0
4855,49683,4,0
4864,12341,5,0
4864,21288,3,1
4864,24852,4,1
4864,24964,2,0
4864,40706,1,0
4870,6184,5,1
4870,14947,1,1
4870,21709,2,1
4870,26209,6,0
4870,35221,3,1
4870,44632,4,1
4878,14947,1,1
4878,21709,2,1
4878,21903,5,0
4878,26620,4,0
4878,35221,3,1
4884,14947,1,0
4884,21709,2,0
4884,35221,3,0
4884,37710,5,0
4884,44632,4,0
4891,16797,2,1
4891,21137,3,1
4891,27845,1,1
4891,27966,4,1
4891,39275,5,1
4891,46979,7,0
4891,47209,6,1
4895,21709,1,1
4895,43352,2,0
4895,49235,3,0
4902,5077,2,1
4902,27086,3,0
4902,27845,1,1
4912,27845,3,1
4912,43352,2,1
4912,44632,4,0
4912,47766,5,1
4912,49683,1,1
4919,21137,4,1
4919,22935,6,0
4919,26209,7,1
4919,27845,1,1
4919,37710,5,1
4919,39928,8,0
4919,44632,2,0
4919,49683,3,1
4928,24184,3,1
4928,24852,5,0
4928,35951,1,1
4928,39928,6,1
4928,47626,2,1
4928,49683,4,1
4938,196,8,0
4938,14947,1,1
4938,16797,6,1
4938,21709,2,1
4938,24964,7,1
4938,35221,3,1
4938,44632,4,1
4938,49235,5,0
4944,21288,2,0
4944,24964,1,0
4944,26209,3,1
4944,35221,4,0
4951,4605,6,1
4951,5077,2,1
4951,27086,3,1
4951,27845,1,1
4951,35951,5,1
4951,43154,4,0
4958,16797,1,1
4958,21137,2,1
4958,27966,3,1
4958,39275,4,1
4964,5077,2,0
4964,27086,3,0
4964,27845,1,0
4964,40706,4,0
4970,16797,1,0
4970,21137,5,1
4970,35221,2,1
4970,35951,4,0
4970,44632,3,1
4970,47209,6,1
4974,14947,1,0
4974,17794,6,0
4974,21709,2,0
4974,24852,5,1
4974,30489,8,0
4974,35221,3,0
4974,44632,4,0
4974,49235,7,1
4978,16797,2,0
4978,21137,1,1
4978,21288,3,0
4978,39275,4,1
4978,43352,5,0
4983,5077,4,0
4983,13176,1,1
4983,21137,2,1
4983,47209,3,1
4988,21709,6,1
4988,22935,5,1
4988,24852,2,1
4988,26209,4,0
4988,27845,1,0
4988,47626,3,1
4997,14947,1,1
4997,21709,2,1
4997,24964,5,1
4997,26620,4,1
4997,35221,3,1
5007,14233,4,1
5007,21903,3,1
5007,24852,1,1
5007,39928,5,0
5007,40706,6,1
5007,47766,2,1
5013,5077,2,0
5013,16797,4,1
5013,27086,3,0
5013,27845,1,0
5023,39275,1,1
5023,45007,2,1
5023,47209,3,1
5033,5077,2,0
5033,13176,4,1
5033,21137,1,1
5033,21709,5,1
5033,40706,3,0
5042,6184,3,1
5042,8518,4,0
5042,26209,1,0
5042,37710,5,0
5042,47766,2,1
5042,49235,6,0
5049,5876,4,1
5049,10749,7,0
5049,13176,5,1
5049,14233,1,0
5049,21288,2,1
5049,45007,3,0
5049,46979,8,1
5049,49683,6,0
5058,5077,2,0
5058,14233,6,1
5058,27086,3,0
5058,27845,1,1
5058,35951,4,0
5058,47626,5,1
5068,14947,1,1
5068,21709,2,1
5068,35221,3,1
5068,44632,4,0
5073,13176,2,1
5073,21137,3,1
5073,21709,1,1
5073,21903,6,0
5073,24184,5,0
5073,27966,7,1
5073,47209,4,0
5083,5077,2,1
5083,27086,3,1
5083,27845,1,0
5083,34126,4,0
5083,37710,5,1
5092,5077,1,1
5092,5876,4,1
5092,13176,3,1
5092,40706,2,1
5098,21137,2,1
5098,21288,6,1
5098,27845,1,0
5098,37710,5,0
5098,39928,3,1
5098,40706,4,0
5102,24852,1,0
5102,26209,3,0
5102,27966,4,0
5102,39275,6,0
5102,44632,5,1
5102,47626,2,0
5108,5077,2,0
5108,13176,4,0
5108,18523,7,0
5108,27086,3,0
5108,27845,1,0
5108,28204,6,1
5108,43154,5,1
5118,8518,1,1
5118,21137,4,1
5118,24852,3,1
5118,27845,2,1
5126,16797,2,0
5126,27845,1,1
5126,43352,3,1
5126,47209,4,1
5133,16797,1,0
5133,39275,3,1
5133,40706,2,1
5143,21137,5,1
5143,21709,1,1
5143,24852,2,1
5143,24964,4,1
5143,31717,3,0
5143,47209,6,1
5148,24852,1,1
5148,24964,2,0
5148,27845,5,1
5148,39928,3,0
5148,45007,4,1
5156,6184,3,0
5156,18523,2,1
5156,24964,5,0
5156,27966,6,1
5156,28204,4,1
5156,39275,1,1
5162,4605,8,1
5162,16797,3,1
5162,21137,1,1
5162,21288,2,1
5162,24852,7,1
5162,27845,6,1
5162,27966,4,1
5162,39275,5,1
5169,10749,4,0
5169,14233,2,0
5169,14947,3,1
5169,21288,5,0
5169,21709,1,1
5169,21903,6,1
5176,5077,3,0
5176,21137,1,1
5176,21903,5,1
5176,24852,6,0
5176,27086,4,1
5176,27845,2,0
5181,21137,6,1
5181,24852,1,0
5181,26209,3,0
5181,28204,4,0
5181,43154,5,0
5181,47626,2,0
5187,12341,6,0
5187,21288,1,0
5187,24184,7,1
5187,26620,2,0
5187,39928,5,0
5187,40706,4,1
5187,43352,3,1
5191,6184,4,0
5191,14233,1,0
5191,14947,2,1
5191,21709,3,1
5191,21903,7,0
5191,24852,5,0
5191,47766,6,1
5200,13176,2,1
5200,18523,5,1
5200,21137,3,1
5200,27845,1,1
5200,40706,8,1
5200,45007,7,1
5200,47209,4,1
5200,49683,6,1
5208,22935,4,1
5208,30489,2,0
5208,35221,1,1
5208,43352,6,1
5208,47209,5,0
5208,47766,3,1
5213,4605,4,0
5213,43154,3,1
5213,44632,1,0
5213,47766,5,0
5213,49683,2,0
5221,5876,8,0
5221,16797,2,1
5221,21288,3,1
5221,27086,1,0
5221,35221,9,1
5221,39275,4,1
5221,43352,5,1
5221,47626,7,1
5221,49683,6,1
5231,21288,3,1
5231,27845,2,1
5231,27966,5,0
5231,46979,6,0
5231,47209,4,1
5231,49235,1,0
5235,16797,1,0
5235,21709,4,1
5235,24964,3,0
5235,27086,2,1
5243,14947,2,0
5243,21137,1,1
5243,21709,3,0
5243,35221,4,1
5243,44632,5,0
5243,49683,6,0
5250,14947,2,1
5250,21709,1,1
5250,35221,3,1
5250,44632,4,1
5257,16797,2,1
5257,21288,1,1
5257,39275,3,1
5257,43352,4,1
5261,5876,6,1
5261,14947,1,0
5261,21288,5,0
5261,21709,2,1
5261,26620,8,0
5261,28204,7,0
5261,35221,3,1
5261,44632,4,0
5268,5077,2,1
5268,27086,3,1
5268,27845,1,1
5268,47626,4,1
5276,14233,2,0
5276,14947,3,0
5276,21709,4,1
5276,27845,1,1
5276,40706,6,0
5276,45007,5,1
5281,21903,3,1
5281,24852,1,1
5281,47766,2,1
5289,13176,5,0
5289,14947,1,0
5289,21137,6,1
5289,21709,2,0
5289,24964,7,1
5289,35221,3,0
5289,44632,4,1
5294,5077,2,0
5294,27086,3,1
5294,27845,1,0
5302,16797,3,1
5302,21137,1,1
5302,21709,2,1
5302,27966,4,1
5302,39275,5,1
5307,17794,4,0
5307,21137,3,0
5307,21709,1,1
5307,24852,7,0
5307,27966,6,1
5307,39275,5,0
5307,47766,2,0
5311,16797,6,0
5311,21288,5,0
5311,21903,3,1
5311,24852,1,1
5311,43154,4,0
5311,47766,2,1
5316,14947,1,0
5316,21709,2,0
5316,35221,3,0
5316,44632,4,0
5316,49683,5,1
5320,4605,6,0
5320,21903,3,1
5320,22935,7,0
5320,24852,1,1
5320,43352,4,0
5320,47766,2,0
5320,49235,5,1
5325,5077,7,1
5325,14947,2,0
5325,21137,1,1
5325,21709,3,0
5325,30489,6,1
5325,35221,4,1
5325,44632,5,0
5332,21903,3,1
5332,24852,1,1
5332,47766,2,1
5336,14947,1,0
5336,21709,2,0
5336,35221,3,0
5336,44632,4,0
5345,16797,2,1
5345,21137,3,1
5345,27845,1,1
5345,27966,4,0
5345,39275,5,1
5355,14947,2,1
5355,21709,3,1
5355,26620,6,1
5355,27845,1,0
5355,27966,8,1
5355,35221,4,1
5355,44632,5,1
5355,47209,9,1
5355,47766,7,1
5359,14947,1,1
5359,16797,5,1
5359,21709,2,1
5359,26620,4,1
5359,35221,3,1
5359,37710,6,0
5363,26620,3,0
5363,35951,2,0
5363,47766,1,0
5371,13176,7,0
5371,21137,5,0
5371,22935,1,0
5371,24964,2,1
5371,39275,6,1
5371,45007,3,0
5371,49683,4,0
5377,8518,7,0
5377,13176,4,1
5377,14233,2,0
5377,21288,1,0
5377,24852,5,1
5377,35221,6,1
5377,49683,3,0
5386,21137,7,1
5386,21288,6,0
5386,21903,3,1
5386,24852,1,1
5386,26620,5,0
5386,47766,2,1
5386,49683,4,0
5393,14947,2,0
5393,21709,3,1
5393,26209,6,0
5393,26620,5,0
5393,27845,1,1
5393,30489,9,1
5393,31717,7,0
5393,35221,4,0
5393,39928,8,1
5401,12341,6,0
5401,13176,2,0
5401,21137,3,1
5401,21288,8,0
5401,21709,1,1
5401,26620,7,0
5401,39275,5,1
5401,47209,4,1
5406,14233,1,1
5406,14947,2,0
5406,21709,3,0
5406,47626,4,0
5411,14947,1,0
5411,21288,6,0
5411,21709,2,0
5411,24852,5,1
5411,35221,3,0
5411,44632,4,0
5419,14947,1,1
5419,21709,2,1
5419,35221,3,1
5419,44632,4,1
5419,45007,6,1
5419,49235,5,1
5425,22825,8,0
5425,24184,6,0
5425,24852,2,1
5425,26209,4,1
5425,27845,1,1
5425,35221,7,0
5425,39928,5,1
5425,47626,3,1
5430,16797,1,0
5430,21137,2,1
5430,27966,3,0
5430,39275,4,0
5440,13176,8,1
5440,14947,2,0
5440,16797,6,1
5440,21709,3,0
5440,24964,7,0
5440,27845,1,1
5440,35221,4,0
5440,44632,5,0
5444,21903,3,0
5444,24852,1,0
5444,47766,2,0
5450,24184,4,0
5450,24852,1,1
5450,26209,3,1
5450,47626,2,1
5457,196,1,0
5457,8518,4,0
5457,10749,3,0
5457,21903,2,0
5457,49235,5,0
5464,5077,3,1
5464,27086,1,1
5464,40706,2,0
5464,47626,4,1
5469,5876,2,1
5469,21288,4,0
5469,21709,1,1
5469,35221,3,1
5469,35951,5,0
5469,47209,6,1
5473,4605,6,1
5473,21709,1,0
5473,24964,3,0
5473,40706,5,0
5473,44632,4,0
5473,47626,2,1
5480,196,7,0
5480,16797,1,1
5480,21288,2,1
5480,24852,6,1
5480,35221,5,1
5480,39275,3,1
5480,43352,4,1
5486,5876,2,0
5486,26209,1,0
5486,39928,3,0
5494,4605,6,0
5494,13176,7,1
5494,14947,1,0
5494,21709,2,0
5494,26209,8,0
5494,35221,3,1
5494,44632,4,1
5494,47209,5,1
5499,5876,5,0
5499,21137,6,1
5499,21288,1,0
5499,24852,4,0
5499,35221,3,1
5499,39275,2,0
5508,16797,2,1
5508,21137,3,1
5508,21709,1,1
5508,27966,4,1
5508,39275,5,1
5516,21903,3,1
5516,24852,1,0
5516,47766,2,1
5525,6184,7,0
5525,14233,5,0
5525,31717,4,0
5525,39928,6,1
5525,43352,2,0
5525,44632,1,1
5525,49683,3,1
5529,12341,4,0
5529,13176,3,0
5529,28204,2,1
5529,49683,1,1
5534,21903,3,1
5534,24852,1,0
5534,47766,2,0
5540,17794,6,0
5540,21903,8,1
5540,22935,1,1
5540,24184,7,0
5540,24964,2,1
5540,37710,5,0
5540,45007,3,0
5540,49683,4,0
5546,196,4,1
5546,13176,1,1
5546,21137,2,1
5546,24184,6,0
5546,47209,3,0
5546,49235,5,1
5555,16797,1,1
5555,21288,2,0
5555,39275,3,0
5555,43352,4,0
5565,6184,4,0
5565,16797,7,1
5565,21288,1,1
5565,24852,2,1
5565,37710,5,1
5565,47626,6,0
5565,47766,3,1
5570,22935,1,0
5570,24964,2,1
5570,26620,6,1
5570,45007,3,0
5570,47626,5,0
5570,49683,4,1
5575,13176,1,0
5575,14233,4,0
5575,21137,2,0
5575,26620,5,0
5575,43352,6,0
5575,47209,3,0
5581,14233,3,1
5581,14947,4,1
5581,21288,2,0
5581,21709,1,1
5581,30489,7,1
5581,39275,5,1
5581,39928,6,0
5586,4605,6,1
5586,5077,3,1
5586,21709,1,1
5586,26209,5,0
5586,27086,4,1
5586,27845,2,1
5586,28842,7,0
5586,40706,8,1
5594,196,2,1
5594,24184,1,1
5599,196,7,0
5599,13176,8,0
5599,16797,2,1
5599,21137,4,1
5599,21288,1,1
5599,39928,5,0
5599,43352,6,0
5599,47766,3,0
5603,14233,2,0
5603,21137,4,1
5603,24852,6,1
5603,28204,5,0
5603,47626,1,0
5603,47766,3,1
5613,16797,3,0
5613,35951,2,0
5613,46979,1,1
5618,196,4,0
5618,5077,2,0
5618,27086,3,0
5618,27845,1,0
5623,21709,1,1
5623,21903,4,0
5623,24852,2,1
5623,47766,3,0
5633,21709,3,1
5633,24852,2,1
5633,39275,1,1
5633,39928,4,0
5638,16797,6,1
5638,21903,4,1
5638,24184,5,0
5638,24852,2,1
5638,27845,1,1
5638,47766,3,1
5647,6184,1,0
5647,13176,4,1
5647,27086,6,0
5647,34126,2,1
5647,35951,3,0
5647,47626,5,1
5655,16797,5,0
5655,21288,2,0
5655,22935,4,1
5655,27845,1,1
5655,40706,6,0
5655,47766,3,1
5661,21903,3,0
5661,24852,1,0
5661,47766,2,0
5667,16797,2,0
5667,21137,1,1
5667,21903,6,0
5667,27966,3,0
5667,28204,5,1
5667,39275,4,0
5667,47626,7,0
5671,8518,4,1
5671,16797,2,1
5671,17794,3,0
5671,24852,1,0
5679,13176,2,0
5679,17794,5,0
5679,18523,7,1
5679,21137,3,1
5679,27845,1,0
5679,27966,6,1
5679,47209,4,1
5679,49683,8,0
5688,5077,2,1
5688,27086,3,1
5688,27845,1,1
5694,13176,1,0
5694,21137,2,1
5694,27086,4,1
5694,47209,3,0
5701,13176,4,1
5701,16797,7,0
5701,21903,3,1
5701,22935,6,0
5701,24852,1,1
5701,47766,2,1
5701,49235,5,0
5705,24852,2,1
5705,26209,4,1
5705,27845,1,1
5705,47626,3,1
5705,49683,5,0
5712,13176,2,0
5712,14233,6,1
5712,21903,8,1
5712,24852,3,1
5712,27845,1,0
5712,27966,5,1
5712,31717,4,1
5712,47626,7,1
5719,17794,1,0
5719,21709,2,1
5719,26209,3,1
5726,6184,2,0
5726,27086,1,1
5726,44632,3,0
5731,14947,2,0
5731,21709,3,0
5731,27086,1,1
5731,35221,4,0
5731,44632,5,0
5735,5077,5,0
5735,16797,2,1
5735,21288,1,0
5735,24964,7,1
5735,26209,8,0
5735,31717,6,0
5735,39275,3,0
5735,43352,4,0
5745,16797,2,1
5745,21288,3,0
5745,21709,1,1
5745,21903,7,0
5745,26209,9,1
5745,28204,6,0
5745,39275,4,1
5745,43352,5,1
5745,49235,8,0
5751,14947,3,1
5751,21903,5,0
5751,27845,1,1
5751,45007,2,0
5751,49683,4,0
5759,21137,6,1
5759,21903,2,1
5759,26209,4,0
5759,27845,1,1
5759,37710,5,0
5759,47209,3,1
5769,5077,3,1
5769,21709,1,1
5769,21903,5,1
5769,27086,4,1
5769,27845,2,0
5775,14233,2,0
5775,14947,3,1
5775,21709,4,0
5775,24964,6,1
5775,27845,1,1
5775,49683,5,0
5780,21903,3,1
5780,24852,1,1
5780,30489,4,0
5780,47766,2,1
5784,16797,1,1
5784,21288,2,1
5784,39275,3,1
5784,43352,4,0
5789,13176,1,1
5789,21709,4,1
5789,27086,2,1
5789,28842,3,1
5796,21137,1,1
5796,24852,2,1
5796,26209,4,1
5796,27086,5,1
5796,27966,6,0
5796,28204,7,0
5796,47626,3,1
5800,14947,1,1
5800,21709,2,1
5800,35221,3,0
5800,44632,4,0
5800,47626,5,0
5810,14233,4,0
5810,27966,2,1
5810,40706,3,1
5810,47209,1,0
5814,24852,1,0
5814,26209,3,0
5814,47626,2,0
5821,16797,3,1
5821,21903,2,0
5821,26209,1,1
5821,47626,4,1
5831,14947,1,1
5831,21288,6,1
5831,21709,2,1
5831,26620,4,1
5831,28842,5,0
5831,35221,3,1
5831,37710,7,1
5838,4605,5,0
5838,14947,4,1
5838,17794,6,0
5838,24852,1,1
5838,26209,3,1
5838,47626,2,1
5848,21137,5,1
5848,24852,2,1
5848,26209,4,0
5848,27086,1,1
5848,34126,7,0
5848,47626,3,1
5848,47766,6,1
5855,12341,7,0
5855,13176,2,0
5855,21137,3,1
5855,21709,1,1
5855,22825,5,0
5855,28204,6,0
5855,47209,4,1
5855,47766,8,0
5865,16797,5,1
5865,21137,3,0
5865,22935,4,1
5865,27086,1,1
5865,27845,7,1
5865,30489,2,0
5865,47626,6,1
5875,5077,2,1
5875,27086,3,1
5875,27845,1,1
5875,27966,5,1
5875,30489,4,0
5881,12341,5,0
5881,21137,6,1
5881,27845,1,0
5881,27966,2,1
5881,34126,3,0
5881,40706,4,1
5886,5876,5,0
5886,16797,4,1
5886,21903,3,0
5886,24852,1,1
5886,47209,6,1
5886,47766,2,0
5890,4605,5,0
5890,12341,7,0
5890,21709,1,1
5890,21903,4,1
5890,24852,2,1
5890,30489,6,0
5890,47766,3,0
5900,22935,1,1
5900,24964,2,1
5900,28204,6,0
5900,35221,5,1
5900,39275,7,1
5900,45007,3,1
5900,47766,8,0
5900,49683,4,1
5909,5077,2,1
5909,27086,3,1
5909,27845,1,1
5915,6184,5,1
5915,13176,1,1
5915,21137,2,1
5915,45007,4,0
5915,47209,3,1
5924,22935,1,0
5924,24964,2,0
5924,27966,6,1
5924,37710,5,0
5924,45007,3,1
5924,49683,4,1
5932,196,8,0
5932,4605,7,0
5932,5077,6,1
5932,12341,2,1
5932,22935,5,0
5932,24184,9,0
5932,26209,3,1
5932,27845,1,1
5932,35951,4,0
5942,8518,5,0
5942,21137,1,1
5942,24852,2,1
5942,26209,4,0
5942,43154,6,1
5942,47626,3,1
5949,13176,5,1
5949,21137,1,1
5949,21709,6,1
5949,21903,4,0
5949,24852,2,1
5949,39275,7,1
5949,47766,3,1
5957,16797,5,1
5957,24852,2,1
5957,27966,4,1
5957,44632,3,1
5957,49683,1,0
5965,4605,6,0
5965,13176,7,1
5965,14947,2,1
5965,21709,3,1
5965,27086,1,0
5965,28204,8,0
5965,35221,4,1
5965,44632,5,0
5970,8518,5,0
5970,13176,6,0
5970,24852,2,1
5970,26209,4,1
5970,27845,1,1
5970,35221,7,0
5970,47626,3,1
5976,14947,1,1
5976,16797,4,1
5976,21288,2,1
5976,30489,3,0
5976,31717,5,0
5983,5077,5,0
5983,16797,3,1
5983,18523,1,0
5983,21709,7,0
5983,27966,4,1
5983,47209,6,1
5983,49683,2,1
5992,8518,2,0
5992,16797,1,1
5992,26209,4,1
5992,45007,3,0
6002,14947,1,1
6002,21709,2,1
6002,35221,3,0
6002,44632,4,0
6008,5077,2,0
6008,27086,3,0
6008,27845,1,1
6008,46979,4,0
6016,17794,2,0
6016,21137,5,0
6016,24852,3,1
6016,35221,4,0
6016,39928,6,0
6016,47766,1,1
6023,16797,1,1
6023,21288,2,1
6023,26209,5,0
6023,39275,3,1
6023,43352,4,1
6030,5077,3,1
6030,18523,2,0
6030,21709,1,1
6030,24964,5,0
6030,49683,4,1
6034,18523,3,0
6034,21709,1,1
6034,26209,2,0
6034,40706,4,0
6034,45007,5,0
6042,14233,2,1
6042,21709,1,0
6052,196,4,1
6052,22935,2,1
6052,24964,1,1
6052,28204,3,1
6060,5077,4,0
6060,21903,3,1
6060,24852,1,1
6060,47766,2,1
6065,14947,1,1
6065,21288,6,0
6065,21709,2,1
6065,22825,5,0
6065,24184,7,0
6065,35221,3,1
6065,44632,4,1
6074,196,7,1
6074,13176,2,1
6074,21137,3,1
6074,21288,1,1
6074,22935,5,1
6074,44632,6,0
6074,47209,4,1
6083,14947,2,1
6083,21137,1,1
6083,21709,3,1
6083,22935,6,1
6083,35221,4,1
6083,43154,7,0
6083,44632,5,1
6090,24852,1,1
6090,26209,3,1
6090,47626,2,0
6096,5077,2,0
6096,21709,1,0
6096,26209,5,0
6096,28204,4,1
6096,35221,3,1
6096,47766,6,0
6100,16797,2,1
6100,21288,3,0
6100,21709,1,0
6100,27086,7,0
6100,39275,4,1
6100,43352,5,0
6100,47626,8,0
6100,49683,6,0
6108,5077,2,1
6108,14947,5,1
6108,27086,3,1
6108,27845,1,1
6108,30489,6,0
6108,49683,4,1
6115,21903,4,0
6115,24852,2,1
6115,27845,1,1
6115,28842,5,0
6115,47766,3,1
6119,43154,3,0
6119,47209,1,1
6119,47766,2,1
6125,14947,1,1
6125,21709,2,1
6125,35221,3,1
6125,44632,4,0
6125,47209,5,1
6134,27966,2,0
6134,31717,3,1
6134,43154,1,0
6140,16797,6,1
6140,21903,4,1
6140,22935,5,0
6140,24852,2,1
6140,27086,7,1
6140,27845,1,1
6140,47766,3,1
6145,22935,1,1
6145,44632,2,1
6153,5077,3,1
6153,16797,4,0
6153,21137,1,1
6153,24852,2,1
6162,12341,4,1
6162,14947,5,1
6162,21903,3,1
6162,24852,1,1
6162,47766,2,1
6169,5077,5,1
6169,16797,3,1
6169,47626,2,1
6169,47766,4,1
6169,49235,1,0
6174,5876,2,0
6174,21288,1,1
6174,21903,5,0
6174,24852,8,0
6174,26209,4,0
6174,40706,3,0
6174,44632,7,0
6174,45007,6,0
6182,5077,3,0
6182,21137,1,1
6182,27086,4,1
6182,27845,2,0
6192,5077,4,0
6192,12341,5,0
6192,21137,1,1
6192,21709,2,1
6192,21903,7,1
6192,37710,3,0
6192,49683,6,1
6197,21288,3,1
6197,26209,2,1
6197,31717,4,1
6197,43352,1,0
6202,6184,4,0
6202,13176,1,0
6202,21137,2,1
6202,28204,5,1
6202,47209,3,1
6208,14947,2,1
6208,21709,3,1
6208,27086,8,0
6208,27845,1,1
6208,28842,7,0
6208,35221,4,1
6208,43352,6,0
6208,44632,5,1
6216,14233,3,1
6216,21709,1,1
6216,27966,2,0
6216,43352,4,0
6216,45007,5,1
6226,16797,3,1
6226,30489,2,0
6226,35221,1,1
6236,5876,5,0
6236,14947,7,1
6236,16797,1,1
6236,21137,2,1
6236,22825,8,0
6236,27966,3,1
6236,39275,4,1
6236,43154,6,0
6245,5077,2,0
6245,27086,3,0
6245,27845,1,1
6245,49683,4,0
6253,14947,1,1
6253,21137,7,0
6253,21709,2,1
6253,27086,5,0
6253,35221,3,1
6253,44632,4,1
6253,46979,6,1
6262,13176,1,1
6262,14233,4,0
6262,21137,2,1
6262,47209,3,1
6267,21903,3,0
6267,24852,1,1
6267,24964,5,0
6267,47626,4,1
6267,47766,2,1
6277,21137,1,1
6277,37710,3,1
6277,39928,2,0
6277,49235,4,0
6287,13176,3,1
6287,14233,6,1
6287,17794,7,1
6287,21137,4,1
6287,21288,2,1
6287,21709,1,1
6287,26620,8,1
6287,27966,9,1
6287,47209,5,1
6295,14233,6,1
6295,21903,8,1
6295,22935,2,1
6295,24964,3,0
6295,27086,1,1
6295,27966,7,1
6295,40706,9,0
6295,45007,4,1
6295,49683,5,0
6302,5077,2,0
6302,27086,3,1
6302,27845,1,1
6312,196,7,1
6312,14947,2,1
6312,21709,1,1
6312,22825,6,1
6312,27104,5,0
6312,35221,3,1
6312,44632,4,1
6319,14233,6,1
6319,16797,2,1
6319,18523,7,0
6319,21137,3,1
6319,27845,1,1
6319,27966,4,1
6319,39275,5,1
6329,12341,3,0
6329,24964,2,0
6329,27845,1,1
6329,35221,6,0
6329,45007,4,0
6329,49235,5,0
6336,8518,7,0
6336,13176,5,1
6336,22935,1,1
6336,24964,2,0
6336,43352,6,0
6336,45007,3,0
6336,49683,4,0
6341,14947,2,1
6341,21137,1,0
6341,21709,3,1
6341,26620,5,0
6341,35221,4,1
6347,14947,1,1
6347,21709,2,1
6347,26620,4,1
6347,35221,3,1
6356,21288,4,1
6356,21903,3,1
6356,24852,1,1
6356,28204,5,1
6356,47766,2,0
6361,24852,1,1
6361,26209,3,0
6361,43352,4,1
6361,47626,2,0
6366,21709,1,1
6366,21903,4,0
6366,24852,2,1
6366,43154,5,0
6366,47766,3,1
6370,5077,2,0
6370,27086,3,0
6370,27845,1,0
6370,35951,6,0
6370,45007,4,1
6370,46979,5,1
6374,5077,1,0
6374,14233,2,0
6374,22825,3,0
6374,45007,4,0
6378,17794,3,0
6378,21137,1,1
6378,21709,2,0
6378,24852,4,0
6378,39275,6,0
6378,43352,7,1
6378,49235,5,0
6382,6184,2,0
6382,12341,3,0
6382,21288,1,1
6382,26209,6,1
6382,35221,5,1
6382,39275,8,1
6382,47209,7,1
6382,47766,4,0
6389,13176,5,0
6389,14947,2,1
6389,21709,1,1
6389,35221,3,1
6389,44632,4,1
6397,16797,2,1
6397,21288,3,0
6397,21709,1,1
6397,26620,6,1
6397,39275,4,1
6397,43352,5,0
6404,196,2,0
6404,14233,3,1
6404,21709,1,1
6404,47626,4,1
6409,5876,5,1
6409,16797,1,1
6409,21288,2,0
6409,39275,3,1
6409,40706,6,0
6409,43352,4,0
6419,5077,6,1
6419,10749,3,0
6419,16797,1,1
6419,34126,2,0
6419,35221,5,1
6419,44632,4,1
6427,21288,1,0
6427,24852,2,1
6427,26209,4,0
6427,26620,5,1
6427,47626,3,0
6435,14233,3,1
6435,14947,4,1
6435,21137,1,1
6435,21288,2,1
6435,21709,5,1
6435,21903,6,1
6435,37710,7,1
6442,14947,2,1
6442,21137,1,1
6442,21709,3,1
6442,35221,4,1
6442,44632,5,1
6442,47626,7,0
6442,49235,6,0
6446,14947,2,1
6446,21137,4,1
6446,27086,1,1
6446,47209,3,0
6456,21709,2,0
6456,22825,3,1
6456,24184,6,0
6456,28204,1,0
6456,34126,4,0
6456,47766,5,1
6460,6184,2,1
6460,21137,1,0
6460,22935,3,0
6460,30489,4,1
6460,47209,5,1
6469,4605,4,0
6469,13176,1,0
6469,21137,2,1
6469,47209,3,1
6477,12341,3,1
6477,47626,2,1
6477,49235,1,1
6481,13176,5,0
6481,16797,1,1
6481,21137,2,0
6481,27966,3,0
6481,39275,4,1
6481,49683,6,1
6485,16797,2,1
6485,21137,3,1
6485,21288,1,0
6485,27966,4,1
6485,30489,6,1
6485,39275,5,1
6485,43154,7,0
6493,5876,2,1
6493,21709,1,1
6493,21903,6,1
6493,24852,5,1
6493,24964,3,1
6493,37710,4,1
6503,5876,4,1
6503,13176,1,1
6503,21137,2,1
6503,47209,3,1
6512,5077,2,1
6512,27086,3,1
6512,27845,1,1
6516,5876,2,1
6516,8518,5,0
6516,21903,1,1
6516,39275,3,0
6516,47626,4,0
6526,21903,3,0
6526,24852,1,0
6526,47766,2,1
6530,12341,6,0
6530,16797,5,0
6530,24852,3,1
6530,27845,1,0
6530,27966,7,0
6530,43154,4,1
6530,43352,2,0
6534,5077,6,1
6534,6184,3,0
6534,12341,5,0
6534,21288,1,0
6534,39275,2,1
6534,46979,7,0
6534,47626,8,0
6534,47766,4,0
6542,14947,1,1
6542,18523,6,0
6542,21709,2,1
6542,26209,5,1
6542,35221,3,0
6542,40706,7,0
6542,44632,4,0
6549,16797,1,1
6549,21137,2,1
6549,27966,3,0
6549,39275,4,1
6549,40706,5,0
6549,47209,6,0
6555,21903,3,1
6555,24852,1,1
6555,39928,4,0
6555,47766,2,1
6562,6184,2,1
6562,12341,4,0
6562,21137,3,1
6562,21709,1,1
6567,18523,5,0
6567,21903,3,0
6567,24852,1,1
6567,47209,4,1
6567,47766,2,0
6572,22935,1,0
6572,24964,2,1
6572,27845,7,1
6572,35221,6,1
6572,37710,5,0
6572,45007,3,0
6572,49683,4,0
6582,21903,3,0
6582,24852,1,1
6582,28204,4,1
6582,47766,2,1
6587,13176,1,1
6587,21137,2,1
6587,47209,3,1
6587,49235,4,1
6597,24964,2,1
6597,26209,1,1
6597,27966,3,1
6606,14233,6,0
6606,14947,1,1
6606,16797,7,1
6606,21709,2,1
6606,24184,8,0
6606,26209,5,1
6606,35221,3,1
6606,44632,4,1
6611,14233,6,1
6611,16797,8,0
6611,21709,1,1
6611,24964,3,0
6611,28204,5,0
6611,35221,2,1
6611,43352,4,0
6611,45007,7,0
6621,16797,2,1
6621,21288,3,1
6621,27845,1,1
6621,39275,4,1
6621,43352,5,1
6629,17794,8,0
6629,21288,6,1
6629,24852,2,1
6629,26209,4,1
6629,26620,5,0
6629,27845,1,1
6629,47626,3,1
6629,49683,7,0
6638,13176,1,0
6638,14947,5,1
6638,21137,2,1
6638,21288,4,0
6638,39928,6,1
6638,47209,3,0
6643,14947,2,1
6643,21709,1,0
6643,35221,3,0
6643,44632,4,1
6649,14947,1,1
6649,21709,2,1
6649,24852,6,1
6649,26209,8,1
6649,27845,5,0
6649,30489,7,0
6649,35221,3,1
6649,44632,4,1
6657,12341,1,1
6657,28204,3,1
6657,30489,2,0
6667,14233,6,1
6667,14947,2,1
6667,21709,3,1
6667,26620,5,1
6667,27845,1,1
6667,35221,4,0
6667,43154,8,0
6667,44632,7,1
6667,47766,9,1
6675,5077,2,0
6675,27086,3,1
6675,27845,1,1
6675,28842,4,0
6675,35951,6,0
6675,43352,5,0
6680,196,5,1
6680,14233,2,1
6680,27966,1,0
6680,28204,3,0
6680,39275,6,0
6680,43352,4,1
6688,14947,1,1
6688,21709,2,1
6688,35221,3,1
6688,40706,5,1
6688,44632,4,0
6697,16797,3,1
6697,39928,2,0
6697,40706,1,1
6702,13176,1,0
6702,21137,2,0
6702,47209,3,0
6706,14947,1,1
6706,21709,2,0
6706,26620,6,0
6706,27086,5,1
6706,35221,3,0
6706,44632,4,1
6706,47766,7,0
6710,13176,5,0
6710,16797,1,0
6710,21288,2,1
6710,24852,8,0
6710,27845,7,0
6710,39275,3,1
6710,43352,4,0
6710,47626,6,1
6720,14947,2,1
6720,21709,1,1
6720,22935,5,0
6720,24852,6,1
6720,26620,4,0
6720,35221,3,1
6727,14947,1,0
6727,21709,2,0
6727,26620,4,0
6727,35221,3,0
6727,43154,5,0
6737,21288,2,1
6737,27966,5,1
6737,37710,1,1
6737,43154,3,0
6737,47766,4,1
6746,12341,3,1
6746,21288,6,1
6746,26620,5,1
6746,45007,4,0
6746,46979,2,0
6746,47209,1,1
6751,16797,1,1
6751,21137,2,1
6751,27966,3,0
6751,39275,4,0
6756,14947,4,0
6756,21137,6,1
6756,27845,2,1
6756,34126,7,0
6756,39275,3,1
6756,45007,5,0
6756,49683,1,0
6760,21288,1,0
6760,21903,4,1
6760,24964,3,0
6760,26620,5,0
6760,37710,2,0
6765,8518,6,0
6765,10749,4,0
6765,16797,3,0
6765,24184,1,0
6765,27966,5,0
6765,35221,7,1
6765,47626,2,0
6773,21903,3,0
6773,24852,1,1
6773,47766,2,1
6783,21137,1,1
6783,21709,2,1
6783,21903,3,0
6783,24852,5,0
6783,28842,8,0
6783,40706,6,1
6783,43352,7,0
6783,47626,4,1
6787,21288,5,0
6787,22825,1,0
6787,24964,4,1
6787,34126,3,0
6787,47766,2,1
6794,13176,5,0
6794,16797,1,1
6794,21137,2,1
6794,27966,3,1
6794,39275,4,1
6800,13176,6,1
6800,21709,1,1
6800,22935,3,1
6800,26209,2,1
6800,27086,5,0
6800,47209,4,1
6808,13176,2,1
6808,14233,7,1
6808,21137,3,1
6808,21709,1,1
6808,24852,6,1
6808,26620,5,0
6808,47209,4,1
6818,8518,5,0
6818,10749,6,0
6818,14947,1,1
6818,21709,2,1
6818,26620,4,1
6818,35221,3,1
6823,22935,1,0
6823,34126,3,0
6823,43352,2,0
6823,47209,4,0
6829,21288,1,1
6829,26209,3,0
6829,31717,2,0
6838,6184,4,1
6838,21709,5,1
6838,21903,3,1
6838,24184,6,0
6838,24852,1,1
6838,27966,7,1
6838,47766,2,1
6842,16797,5,0
6842,17794,6,0
6842,21709,1,0
6842,22935,4,0
6842,27966,3,1
6842,28842,2,0
6852,12341,2,0
6852,16797,1,1
6852,22825,4,0
6852,49235,3,0
6858,196,2,0
6858,27845,1,1
6863,4605,6,0
6863,21903,3,1
6863,24852,1,1
6863,26620,5,1
6863,28842,4,0
6863,47766,2,1
6863,49235,7,0
6867,13176,3,1
6867,21709,1,1
6867,26620,2,1
6867,35951,4,0
6875,14233,5,0
6875,14947,6,1
6875,16797,1,0
6875,21288,2,0
6875,27086,7,1
6875,39275,3,0
6875,43352,4,0
6883,24964,4,0
6883,30489,1,0
6883,35221,5,1
6883,43352,2,0
6883,45007,6,1
6883,49683,3,0
6888,6184,2,0
6888,26620,3,0
6888,30489,4,0
6888,40706,1,0
6888,47209,5,0
6894,21903,3,1
6894,24852,1,1
6894,47766,2,1
6901,5876,3,1
6901,40706,1,1
6901,49235,2,0
6906,21137,3,1
6906,21709,1,1
6906,24184,5,1
6906,27966,4,1
6906,47766,2,1
6913,27845,1,1
6913,37710,3,0
6913,43352,2,1
6922,4605,3,0
6922,13176,2,1
6922,22935,1,1
6922,26620,4,1
6930,14233,7,1
6930,24964,3,0
6930,26209,5,1
6930,28204,2,1
6930,28842,1,0
6930,34126,6,0
6930,35221,8,1
6930,39275,4,1
6940,13176,1,1
6940,21137,2,1
6940,47209,3,1
6950,6184,4,0
6950,21903,3,1
6950,24852,1,1
6950,47766,2,1
6957,14947,1,1
6957,17794,8,1
6957,21288,7,0
6957,21709,2,1
6957,24964,6,0
6957,35221,3,1
6957,37710,5,0
6957,44632,4,1
6965,21137,1,1
6965,35221,2,0
6965,39275,3,1
6971,13176,1,0
6971,14233,6,1
6971,21137,2,1
6971,39275,4,0
6971,47209,3,1
6971,47766,5,1
6979,5876,2,0
6979,21288,4,0
6979,21903,7,1
6979,27086,1,1
6979,27845,3,1
6979,31717,6,0
6979,43154,5,0
6985,14947,1,1
6985,46979,3,0
6985,47209,4,0
6985,47766,2,0
6995,14947,2,1
6995,21709,3,1
6995,27845,1,0
6995,35221,4,1
6995,44632,5,1
7000,5876,3,0
7000,8518,2,0
7000,10749,6,0
7000,21288,1,0
7000,27966,4,1
7000,28204,5,0
7006,6184,6,0
7006,12341,4,1
7006,21137,5,1
7006,21903,3,1
7006,24184,7,0
7006,24852,1,1
7006,47766,2,1
7014,21903,3,1
7014,24852,1,1
7014,28204,4,0
7014,47626,5,0
7014,47766,2,1
7024,5876,5,0
7024,16797,1,1
7024,21288,2,0
7024,39275,3,0
7024,43352,4,0
7030,21288,6,0
7030,22935,1,1
7030,24964,2,0
7030,45007,3,1
7030,47626,5,0
7030,49683,4,0
7036,13176,3,0
7036,24964,2,0
7036,45007,1,0
7036,47766,4,0
7040,21137,2,0
7040,27086,3,1
7040,28842,5,0
7040,37710,1,0
7040,39275,8,0
7040,40706,7,0
7040,43154,4,0
7040,47209,6,1
7045,5876,5,0
7045,14947,1,0
7045,21709,2,0
7045,26620,4,0
7045,28204,6,0
7045,35221,3,0
7052,21903,3,1
7052,24852,1,1
7052,47766,2,1
7061,14947,2,1
7061,21709,3,1
7061,24964,6,0
7061,27845,1,1
7061,35221,4,1
7061,44632,5,1
7061,47209,7,0
7069,13176,2,0
7069,21137,3,0
7069,24964,5,1
7069,27845,1,1
7069,27966,6,0
7069,47209,4,1
7073,12341,5,0
7073,14947,1,0
7073,27104,4,0
7073,27966,3,0
7073,35221,2,0
7081,4605,1,1
7081,35951,2,0
7081,40706,3,0
7088,5876,2,1
7088,16797,4,1
7088,18523,3,0
7088,24852,6,1
7088,27845,1,0
7088,49683,5,0
7093,24964,1,0
7093,44632,2,1
7093,45007,4,0
7093,49683,3,0
7099,5876,4,1
7099,13176,1,1
7099,21137,2,1
7099,21903,6,1
7099,37710,5,0
7099,39928,7,1
7099,47209,3,0
7106,13176,1,0
7106,16797,4,1
7106,21137,2,1
7106,27104,7,0
7106,40706,5,0
7106,47209,3,1
7106,47766,6,1
7110,4605,4,0
7110,21137,2,0
7110,21288,1,0
7110,31717,3,0
7110,47209,5,0
7120,21288,4,1
7120,22825,6,1
7120,24852,1,1
7120,26620,7,0
7120,28204,5,0
7120,30489,3,0
7120,47766,2,1
7124,4605,5,1
7124,5876,7,0
7124,21709,1,1
7124,24184,2,0
7124,24964,8,1
7124,27845,6,0
7124,37710,4,0
7124,44632,3,1
7133,196,2,0
7133,14233,4,0
7133,22935,3,1
7133,35221,1,0
7138,4605,2,0
7138,26620,3,1
7138,31717,1,1
7142,5077,3,0
7142,8518,5,1
7142,21709,1,0
7142,27086,4,0
7142,27845,2,1
7150,16797,1,1
7150,21137,2,1
7150,27966,3,1
7150,39275,4,1
7150,47626,5,1
7155,14233,2,0
7155,14947,3,1
7155,21137,1,0
7155,21709,4,1
7155,46979,5,1
7161,14947,1,1
7161,18523,6,0
7161,21709,2,1
7161,30489,5,0
7161,35221,3,1
7161,44632,4,0
7165,21137,1,1
7165,21903,4,1
7165,24852,2,0
7165,47766,3,0
7174,196,1,1
7174,13176,4,0
7174,14233,2,0
7174,24852,3,1
7183,21288,1,1
7183,24852,2,1
7183,26209,4,0
7183,26620,7,1
7183,27845,5,1
7183,47626,3,1
7183,47766,6,1
7191,21137,1,1
7191,22825,5,0
7191,26620,4,1
7191,27845,2,1
7191,30489,6,1
7191,47626,3,1
7201,14947,1,1
7201,21709,2,1
7201,21903,7,0
7201,22935,6,0
7201,24964,5,0
7201,35221,3,1
7201,44632,4,1
7201,47626,8,0
7206,13176,1,1
7206,21137,2,1
7206,26620,5,0
7206,35951,6,1
7206,47209,3,1
7206,49235,4,0
7216,5876,7,0
7216,13176,1,0
7216,21137,2,1
7216,26209,4,1
7216,37710,5,0
7216,44632,6,1
7216,47209,3,0
7226,14947,1,1
7226,21709,2,0
7226,35221,3,0
7226,43154,5,0
7226,44632,4,1
7230,196,4,0
7230,8518,1,0
7230,21288,3,0
7230,27845,2,0
7240,5077,2,1
7240,14233,4,1
7240,27086,3,1
7240,27845,1,1
7249,14947,1,1
7249,21137,6,1
7249,21709,2,1
7249,26620,4,1
7249,28204,5,0
7249,35221,3,1
7249,45007,7,0
7249,49683,8,0
7256,6184,5,0
7256,18523,4,0
7256,21137,1,1
7256,21709,2,1
7256,46979,7,1
7256,47766,6,0
7256,49235,3,0
7265,4605,1,0
7265,21709,2,1
7272,14233,4,0
7272,26209,5,1
7272,27845,1,0
7272,27966,2,0
7272,35221,3,1
7272,37710,6,0
7282,16797,2,1
7282,21137,3,1
7282,21288,6,1
7282,24184,7,0
7282,27086,1,1
7282,27966,4,0
7282,37710,9,1
7282,39275,5,1
7282,45007,8,1
7289,6184,5,0
7289,14233,1,0
7289,14947,2,1
7289,21709,3,0
7289,27086,4,0
7295,5077,7,0
7295,16797,2,1
7295,21288,3,1
7295,27086,8,0
7295,27845,1,0
7295,39275,4,0
7295,43352,5,0
7295,46979,6,0
7301,5077,2,0
7301,27086,3,1
7301,27845,1,1
7311,21709,4,1
7311,21903,1,0
7311,22935,5,1
7311,37710,2,0
7311,44632,3,0
7319,5077,1,1
7319,6184,3,0
7319,14233,4,1
7319,49235,2,1
7327,196,7,1
7327,14233,1,0
7327,14947,2,1
7327,21709,3,1
7327,30489,6,0
7327,34126,5,1
7327,43352,4,1
7332,13176,3,0
7332,14947,6,1
7332,21288,2,0
7332,21709,1,1
7332,39275,7,0
7332,40706,8,0
7332,47209,4,0
7332,47766,5,0
7339,5876,6,1
7339,22935,1,1
7339,24964,2,1
7339,30489,7,0
7339,45007,3,0
7339,47626,5,0
7339,49683,4,0
7344,21709,2,1
7344,27845,3,1
7344,35951,1,1
7344,44632,4,0
7354,6184,4,1
7354,21137,1,1
7354,21903,2,1
7354,22825,3,0
7358,16797,1,0
7358,21288,2,0
7358,21903,7,0
7358,39275,3,0
7358,43352,4,0
7358,45007,5,0
7358,49683,6,1
7366,5876,5,0
7366,21137,2,1
7366,21709,1,1
7366,24852,4,1
7366,26209,3,0
7366,39275,6,1
7366,39928,7,0
7373,14947,1,1
7373,21709,2,1
7373,26620,4,0
7373,35221,3,0
7373,39275,5,1
7380,13176,2,1
7380,21137,3,1
7380,21709,1,1
7380,47209,4,1
7387,21137,8,1
7387,21288,1,0
7387,21709,5,0
7387,21903,4,1
7387,22935,7,1
7387,24852,2,1
7387,27966,6,1
7387,47766,3,1
7391,13176,1,1
7391,27086,2,1
7391,47209,3,1
7397,14947,2,1
7397,21709,3,1
7397,21903,7,0
7397,27086,1,1
7397,27966,6,1
7397,35221,4,1
7397,44632,5,1
7397,47766,8,0
7405,6184,6,0
7405,14947,1,1
7405,18523,5,0
7405,21709,2,1
7405,26620,4,0
7405,35221,3,1
7405,45007,7,0
7414,10749,2,1
7414,24184,3,0
7414,24852,7,1
7414,27845,6,1
7414,28204,1,0
7414,47209,4,0
7414,49683,5,1
7419,13176,7,1
7419,14947,1,1
7419,21709,2,1
7419,22935,6,0
7419,26620,4,1
7419,31717,5,0
7419,35221,3,1
7428,21709,1,1
7428,21903,4,0
7428,24852,2,1
7428,44632,5,0
7428,47766,3,0
7432,5077,2,0
7432,21137,6,1
7432,24852,5,1
7432,27086,3,1
7432,27845,1,0
7432,28204,7,0
7432,43352,4,1
7441,6184,1,1
7441,13176,2,1
7448,13176,2,0
7448,21709,1,1
7448,28204,4,0
7448,34126,3,0
7456,16797,2,1
7456,21137,3,1
7456,27845,1,0
7456,27966,4,1
7456,39275,5,1
7462,5876,3,0
7462,21288,1,1
7462,39928,2,0
7472,12341,5,1
7472,13176,1,0
7472,21137,2,1
7472,47209,3,1
7472,47626,4,1
7482,22935,2,1
7482,24964,4,1
7482,27845,1,0
7482,47766,3,1
7486,5077,2,1
7486,13176,4,0
7486,27086,3,1
7486,27845,1,1
7486,43352,5,1
7486,47766,6,0
7492,14947,1,0
7492,21288,4,0
7492,21903,5,1
7492,24964,2,1
7492,49235,3,0
7498,21137,1,1
7498,24964,2,0
7498,27845,3,0
7498,27966,4,0
7498,44632,5,1
7504,13176,2,0
7504,21137,3,0
7504,27845,1,1
7504,47209,4,0
7514,14947,3,1
7514,21709,2,1
7514,21903,1,1
7514,44632,4,1
7523,12341,5,0
7523,13176,7,1
7523,16797,2,0
7523,21137,1,1
7523,27966,3,0
7523,35951,6,1
7523,39275,4,1
7533,4605,4,1
7533,21709,5,1
7533,21903,2,1
7533,24184,6,0
7533,27086,1,1
7533,28842,3,0
7541,10749,2,0
7541,27086,5,1
7541,27845,4,1
7541,30489,3,0
7541,34126,6,0
7541,43352,1,1
7549,21137,2,0
7549,26620,3,0
7549,27845,1,1
7554,4605,7,0
7554,16797,1,1
7554,21709,4,1
7554,22935,5,0
7554,35951,8,0
7554,37710,2,0
7554,39275,6,1
7554,43154,3,0
7561,21137,1,1
7561,22935,2,0
7561,24964,3,1
7561,31717,8,0
7561,45007,4,1
7561,47626,6,0
7561,49235,7,0
7561,49683,5,0
7568,5077,6,0
7568,14947,1,1
7568,21709,2,1
7568,35221,3,1
7568,44632,4,1
7568,49235,5,0
7576,8518,3,0
7576,13176,2,1
7576,31717,1,0
7584,16797,2,1
7584,21137,3,1
7584,21709,1,1
7584,27966,4,0
7584,39275,5,1
7594,10749,6,1
7594,14947,2,1
7594,21288,1,1
7594,21709,3,1
7594,35221,4,0
7594,37710,8,0
7594,44632,5,1
7594,49683,7,1
7598,13176,2,1
7598,21137,1,1
7598,22935,4,0
7598,47209,3,1
7605,5077,2,0
7605,26620,5,0
7605,27086,3,0
7605,27845,1,0
7605,37710,6,0
7605,43352,4,0
7611,14233,1,0
7611,14947,2,0
7611,16797,6,1
7611,21137,5,1
7611,21709,3,1
7611,49683,4,1
7618,5077,4,1
7618,13176,1,1
7618,21137,2,1
7618,26209,6,1
7618,26620,5,1
7618,47209,3,1
7626,14233,1,1
7626,22935,3,1
7626,24184,5,0
7626,39275,4,1
7626,47626,2,0
7630,196,5,0
7630,17794,3,0
7630,21709,6,1
7630,27845,1,0
7630,39275,4,0
7630,45007,2,0
7635,12341,3,0
7635,21288,1,1
7635,39928,2,0
7645,21903,3,1
7645,24852,1,1
7645,47766,2,0
7653,5077,6,1
7653,6184,2,0
7653,13176,1,1
7653,21288,3,1
7653,24852,5,1
7653,47766,4,0
7663,16797,1,1
7663,21137,2,1
7663,24964,6,1
7663,27966,3,1
7663,35951,5,0
7663,39275,4,1
7667,4605,6,0
7667,13176,1,0
7667,14233,5,1
7667,21137,2,1
7667,31717,4,0
7667,35221,7,1
7667,47209,3,0
7677,196,3,0
7677,5876,1,0
7677,22825,6,0
7677,24964,5,1
7677,27845,7,0
7677,43154,2,0
7677,49683,4,1
7681,14233,1,0
7681,14947,2,0
7681,21709,3,0
7681,21903,5,0
7681,24964,6,1
7681,27966,4,1
7685,28204,2,0
7685,40706,1,0
7690,196,1,0
7690,26209,4,0
7690,27966,3,0
7690,45007,2,1
7700,8518,3,0
7700,21288,1,1
7700,26209,4,1
7700,28842,5,1
7700,44632,2,1
7700,45007,6,0
7709,21709,4,1
7709,24852,1,1
7709,26209,3,1
7709,45007,5,1
7709,47626,2,1
7719,21709,1,1
7719,24852,2,1
7719,26209,4,1
7719,47626,3,1
7729,6184,1,1
7729,14947,8,1
7729,17794,4,1
7729,18523,7,0
7729,24852,3,1
7729,27104,2,0
7729,39275,5,0
7729,47209,6,0
7739,196,3,1
7739,16797,2,1
7739,24184,4,1
7739,27845,1,1
7744,14233,3,1
7744,24852,1,1
7744,26209,4,1
7744,45007,2,1
7749,13176,5,1
7749,21903,3,1
7749,24852,1,1
7749,27966,4,0
7749,47766,2,1
7758,14233,3,1
7758,14947,4,1
7758,24852,1,1
7758,31717,2,0
7758,39275,5,1
7758,45007,6,1
7762,5077,2,0
7762,12341,1,0
7762,16797,3,0
7762,39928,4,0
7767,28204,4,1
7767,43352,5,0
7767,47209,2,0
7767,47626,3,0
7767,49235,1,0
7777,5077,2,0
7777,16797,7,1
7777,21137,4,1
7777,27086,3,0
7777,27845,1,1
7777,30489,5,0
7777,35221,6,0
7785,6184,6,1
7785,14947,2,1
7785,21137,1,0
7785,21709,3,1
7785,26620,5,1
7785,35221,4,1
7792,5077,4,0
7792,14233,2,0
7792,14947,7,1
7792,16797,1,1
7792,22935,3,1
7792,43352,8,0
7792,44632,5,1
7792,47766,6,0
7801,5876,5,0
7801,21288,3,1
7801,22935,2,1
7801,24852,4,1
7801,47626,1,0
7811,13176,4,1
7811,14233,3,1
7811,26620,5,1
7811,44632,1,1
7811,46979,6,1
7811,47626,2,1
7817,14947,2,1
7817,21709,1,1
7817,26209,5,1
7817,35221,3,0
7817,44632,4,1
7827,21709,1,1
7827,24852,2,1
7827,24964,3,1
7827,37710,4,0
7827,39275,5,1
7836,14947,2,1
7836,17794,6,1
7836,21709,1,1
7836,34126,5,0
7836,37710,4,0
7836,49235,3,0
7846,17794,7,0
7846,18523,5,0
7846,21288,1,0
7846,24852,3,1
7846,26209,9,1
7846,27104,8,0
7846,35951,6,0
7846,43154,4,0
7846,44632,2,1
7855,21137,2,1
7855,21288,1,1
7855,22935,6,1
7855,30489,5,0
7855,43154,4,1
7855,46979,3,0
7863,5077,5,0
7863,14947,7,1
7863,22825,6,0
7863,22935,1,1
7863,24964,2,1
7863,45007,3,1
7863,49683,4,1
7867,5077,2,0
7867,24852,6,0
7867,27086,3,0
7867,27845,1,0
7867,27966,4,0
7867,40706,5,0
7867,49683,7,0
7875,5876,3,0
7875,12341,5,0
7875,21288,1,1
7875,21903,2,1
7875,24852,6,1
7875,30489,4,0
7880,17794,6,0
7880,21137,1,1
7880,22935,2,0
7880,27086,5,0
7880,27966,7,0
7880,35951,3,1
7880,49235,4,0
7888,4605,2,0
7888,6184,1,0
7888,14233,3,0
7888,16797,4,1
7888,39275,5,1
7888,47626,6,1
7895,6184,6,1
7895,22935,1,0
7895,24964,2,0
7895,35951,7,1
7895,39928,5,0
7895,45007,3,0
7895,49683,4,1
7902,16797,1,0
7902,21137,2,0
7902,27966,3,1
7902,39275,4,1
7908,5077,7,0
7908,5876,8,1
7908,6184,2,0
7908,24964,4,1
7908,27086,5,0
7908,27845,1,1
7908,39275,3,1
7908,47626,6,0
7916,13176,5,1
7916,21903,2,0
7916,22935,6,0
7916,24184,1,1
7916,45007,4,1
7916,46979,3,0
7916,47766,7,0
7926,13176,2,0
7926,21137,3,1
7926,21709,1,1
7926,47209,4,0
7932,14947,2,1
7932,21709,1,1
7932,35221,3,1
7932,44632,4,1
7939,14233,5,0
7939,24852,2,1
7939,26209,4,0
7939,27845,1,1
7939,47626,3,1
7944,22935,4,1
7944,24852,1,1
7944,26209,3,0
7944,30489,5,0
7944,40706,6,0
7944,43352,7,0
7944,47626,2,0
7951,16797,2,1
7951,21288,1,0
7951,39275,3,1
7951,43352,4,0
7951,47209,5,1
7957,21137,5,1
7957,26620,1,0
7957,30489,3,0
7957,39275,4,1
7957,49235,2,1
7961,4605,3,0
7961,46979,1,0
7961,47626,2,0
7968,14947,2,0
7968,21709,3,0
7968,27086,1,0
7968,27966,7,0
7968,34126,8,0
7968,35221,4,0
7968,44632,5,0
7968,47209,9,1
7968,49683,6,1
7976,13176,6,1
7976,16797,2,0
7976,24852,3,0
7976,24964,5,1
7976,27086,1,1
7976,44632,4,1
7976,47626,8,1
7976,47766,7,1
7986,196,6,0
7986,14947,5,1
7986,21137,1,1
7986,21903,2,1
7986,27086,4,1
7986,39275,3,1
7992,13176,3,1
7992,21137,7,0
7992,22935,4,0
7992,30489,5,0
7992,39275,2,1
7992,47626,1,0
7992,49683,6,1
7997,10749,6,0
7997,16797,2,1
7997,18523,7,0
7997,21288,3,1
7997,27086,1,1
7997,39275,4,1
7997,43352,5,0
8005,27845,4,0
8005,47766,3,1
8005,49235,1,1
8005,49683,2,0
8014,8518,5,1
8014,14947,6,1
8014,16797,1,0
8014,21288,2,1
8014,39275,3,1
8014,43352,4,0
8024,21288,6,1
8024,24852,1,1
8024,26209,3,1
8024,46979,5,1
8024,47209,4,1
8024,47626,2,1
8024,49683,7,1
8029,21137,1,1
8029,22825,4,0
8029,22935,5,1
8029,47626,3,1
8029,47766,6,1
8029,49235,2,0
8037,24964,2,0
8037,31717,5,0
8037,35221,1,1
8037,35951,6,1
8037,39275,4,1
8037,47209,3,0
8046,13176,1,1
8046,16797,4,1
8046,21137,2,1
8046,21288,5,1
8046,24964,6,1
8046,47209,3,1
8053,8518,5,0
8053,17794,6,0
8053,21137,1,1
8053,22935,3,0
8053,30489,2,0
8053,34126,7,1
8053,35221,4,0
8058,196,5,0
8058,16797,1,0
8058,21137,2,1
8058,27966,3,0
8058,39275,4,0
8067,5876,2,0
8067,27086,1,1
8067,30489,5,1
8067,37710,7,1
8067,40706,4,0
8067,47766,3,0
8067,49235,6,1
8076,13176,2,1
8076,21137,3,1
8076,21288,1,0
8076,37710,5,0
8076,47209,4,1
8084,21288,4,0
8084,21709,2,0
8084,27086,1,1
8084,49235,3,1
8094,16797,1,1
8094,21288,2,1
8094,39275,3,1
8094,43352,4,1
8101,14947,1,0
8101,21709,2,0
8101,28204,5,0
8101,35221,3,0
8101,44632,4,1
8109,5876,5,0
8109,22935,1,0
8109,24964,2,0
8109,45007,3,1
8109,49683,4,1
8115,4605,7,1
8115,5077,5,1
8115,16797,2,1
8115,21288,1,1
8115,22935,6,1
8115,39275,3,1
8115,43352,4,1
8124,14947,2,1
8124,21288,1,1
8124,21709,3,1
8124,26620,5,0
8124,27966,8,0
8124,35221,4,0
8124,47626,7,1
8124,49683,6,1
8133,21903,3,1
8133,24852,1,1
8133,39275,4,1
8133,43154,6,0
8133,47209,5,1
8133,47766,2,1
8140,6184,4,0
8140,16797,2,1
8140,24852,3,1
8140,30489,5,0
8140,31717,1,0
8140,45007,6,1
8146,8518,2,0
8146,16797,5,1
8146,31717,1,0
8146,45007,3,0
8146,47766,4,1
8155,17794,4,0
8155,22935,3,0
8155,24852,6,1
8155,35951,2,0
8155,37710,5,0
8155,49683,1,1
8165,5876,1,1
8165,12341,4,1
8165,21903,3,1
8165,27845,8,1
8165,37710,7,0
8165,39275,2,1
8165,43352,6,1
8165,47209,5,1
8174,10749,3,1
8174,12341,2,1
8174,21137,5,1
8174,21288,1,1
8174,24852,6,0
8174,35951,7,0
8174,43352,4,0
8179,196,2,0
8179,14233,3,0
8179,16797,5,0
8179,24852,6,0
8179,31717,4,0
8179,37710,1,0
8184,6184,5,0
8184,17794,2,0
8184,27845,1,0
8184,40706,6,1
8184,46979,7,0
8184,47626,4,1
8184,47766,3,1
8190,28204,2,0
8190,43154,4,0
8190,47209,3,1
8190,47766,1,0
8197,14947,1,1
8197,21137,6,1
8197,21709,2,1
8197,35221,3,1
8197,44632,4,1
8197,45007,5,1
8206,5876,2,1
8206,24964,5,1
8206,39928,4,1
8206,40706,1,1
8206,47766,3,0
8214,5077,7,0
8214,14233,2,1
8214,21709,1,1
8214,30489,5,1
8214,40706,4,0
8214,45007,3,0
8214,49683,6,0
8221,21709,4,1
8221,26209,2,1
8221,27966,1,0
8221,28842,6,0
8221,30489,5,0
8221,35221,3,1
8227,14233,7,0
8227,21709,1,1
8227,21903,4,1
8227,24852,2,0
8227,28842,8,0
8227,31717,6,1
8227,37710,5,0
8227,47766,3,0
8237,10749,2,0
8237,24852,1,1
8237,47766,3,1
8246,16797,2,1
8246,21288,3,1
8246,27845,1,1
8246,39275,4,0
8246,43352,5,0
8246,47209,6,1
8256,12341,3,1
8256,13176,1,0
8256,22935,6,1
8256,24964,4,1
8256,27104,5,0
8256,43352,2,0
8256,46979,7,1
8261,14233,2,0
8261,22935,4,0
8261,27966,3,0
8261,40706,1,1
8267,16797,1,1
8267,21137,2,1
8267,27966,3,1
8267,39275,4,1
8273,21288,1,1
8273,22825,5,0
8273,24852,2,1
8273,26209,4,1
8273,47626,3,1
8279,4605,2,0
8279,14233,3,1
8279,21709,1,1
8285,13176,1,0
8285,21137,2,0
8285,47209,3,0
8295,12341,6,0
8295,16797,1,1
8295,21137,2,1
8295,27966,3,1
8295,30489,5,1
8295,39275,4,1
8302,21137,1,1
8302,26620,4,1
8302,39275,2,1
8302,49235,3,1
8312,4605,6,0
8312,5876,3,0
8312,6184,7,1
8312,21288,2,0
8312,21903,8,1
8312,22935,4,1
8312,24852,5,1
8312,27845,1,1
8322,12341,3,0
8322,17794,4,0
8322,21709,1,1
8322,27845,2,1
8327,6184,3,0
8327,14233,1,0
8327,27104,4,0
8327,35221,2,0
8327,49683,5,1
8334,6184,6,0
8334,13176,5,1
8334,16797,1,1
8334,21137,2,1
8334,27966,3,0
8334,39275,4,1
8334,43154,7,0
8338,13176,1,0
8338,16797,6,0
8338,21137,2,0
8338,26209,5,0
8338,31717,4,0
8338,47209,3,0
8348,13176,1,1
8348,21137,2,1
8348,31717,6,0
8348,46979,5,0
8348,47209,3,1
8348,49683,4,0
8354,21137,3,1
8354,22935,4,1
8354,27845,1,1
8354,35221,2,0
8358,13176,1,0
8358,21137,2,0
8358,26209,4,0
8358,47209,3,0
8358,47626,5,1
8367,5876,5,0
8367,16797,4,1
8367,26620,2,0
8367,27104,3,0
8367,47626,1,0
8367,49683,6,1
8376,22935,1,0
8376,27086,3,1
8376,27104,2,0
8376,27966,4,1
8376,30489,6,0
8376,45007,5,1
8380,16797,1,1
8380,21288,2,1
8380,21903,6,1
8380,27966,8,1
8380,39275,3,0
8380,43352,4,1
8380,46979,5,0
8380,47209,7,0
8386,12341,2,1
8386,13176,6,1
8386,17794,3,0
8386,26209,5,1
8386,27845,1,0
8386,35221,7,1
8386,43154,4,0
8390,196,4,0
8390,5876,5,0
8390,22935,3,1
8390,26209,1,0
8390,27845,6,1
8390,49683,2,0
8394,21709,1,1
8394,27086,3,0
8394,35221,2,1
8403,5077,2,1
8403,27086,3,1
8403,27845,1,1
8409,21137,4,1
8409,21903,3,1
8409,24852,1,1
8409,24964,6,1
8409,40706,5,1
8409,47766,2,1
8416,28842,1,0
8416,31717,3,1
8416,40706,2,1
8421,21709,2,1
8421,26620,6,0
8421,27845,1,1
8421,43352,8,1
8421,45007,3,0
8421,47209,5,0
8421,47626,4,0
8421,49235,7,0
8426,13176,7,1
8426,14233,6,0
8426,21137,1,1
8426,22935,3,0
8426,24964,5,0
8426,35951,4,0
8426,43352,2,0
8431,5077,2,0
8431,27086,3,0
8431,27845,1,0
8437,21903,3,1
8437,24852,1,1
8437,26620,4,1
8437,47766,2,1
8441,13176,3,1
8441,21709,2,1
8441,22825,4,0
8441,27845,1,1
8441,37710,5,0
8441,44632,6,0
8449,12341,4,0
8449,16797,2,1
8449,26209,3,1
8449,27845,5,1
8449,30489,1,0
8455,5077,2,0
8455,26209,5,1
8455,27086,3,1
8455,27845,1,1
8455,39928,4,0
8455,47626,6,1
8455,49683,7,0
8465,4605,4,0
8465,5077,2,0
8465,21288,6,0
8465,24964,7,0
8465,27086,3,0
8465,27845,1,1
8465,44632,5,1
8470,13176,2,0
8470,21137,3,0
8470,21709,1,1
8470,27086,5,0
8470,47209,4,1
8476,21903,4,0
8476,24852,2,0
8476,27086,1,1
8476,27104,5,0
8476,47766,3,0
8483,10749,4,0
8483,26620,3,0
8483,27845,5,1
8483,34126,1,0
8483,43352,2,0
8491,13176,1,1
8491,39275,2,1
8498,13176,1,1
8498,21137,2,1
8498,22935,4,0
8498,47209,3,1
8504,14947,1,1
8504,18523,5,0
8504,21709,2,1
8504,35221,3,0
8504,44632,4,0
8508,22825,3,0
8508,26209,4,0
8508,37710,2,0
8508,45007,1,1
8512,196,3,0
8512,10749,2,0
8512,16797,5,0
8512,21903,4,1
8512,27966,1,0
8512,35221,6,1
