product_id,product_name,aisle_id,department_id,unit_margin
24852,Banana,24,4,0.25
13176,Bag of Organic Bananas,24,4,0.4
21137,Organic Strawberries,24,4,1.1
21903,Organic Baby Spinach,123,4,0.9
47626,Large Lemon,24,4,0.35
47766,Organic Avocado,24,4,0.8
47209,Organic Hass Avocado,24,4,0.85
16797,Strawberries,24,4,0.95
26209,Limes,24,4,0.3
27966,Organic Raspberries,123,4,1.4
22935,Organic Yellow Onion,83,4,0.45
24964,Organic Garlic,83,4,0.5
45007,Organic Zucchini,83,4,0.7
39275,Organic Blueberries,123,4,1.3
27845,Organic Whole Milk,84,16,1.2
49683,Cucumber Kirby,83,4,0.55
28204,Organic Fuji Apple,24,4,0.75
40706,Organic Grape Tomatoes,123,4,0.85
5876,Organic Lemon,24,4,0.4
49235,Organic Half & Half,53,16,1.0
14233,Natural Spring Water,115,7,0.6
12341,Hass Avocados,24,4,0.7
14947,Pure Sparkling Water,115,7,0.9
21709,Sparkling Lemon Water,115,7,0.95
35221,Lime Sparkling Water,115,7,0.95
44632,Sparkling Water Grapefruit,115,7,0.95
26620,Peach Pear Flavored Sparkling Water,115,7,1.0
21288,Blackberries,24,4,1.2
43352,Raspberries,24,4,1.25
196,Soda,77,7,0.8
6184,Sparkling Water Berry,115,7,0.95
37710,Trail Mix,125,19,1.5
43154,Organic Red Potatoes,83,4,0.65
30489,Organic Raw Kombucha Gingerade,31,7,1.8
27086,Half & Half,53,16,0.9
5077,100% Whole Wheat Bread,112,3,1.1
35951,Organic Large Extra Fancy Fuji Apple,24,4,0.8
17794,Carrots,83,4,0.5
4605,Yellow Onions,83,4,0.35
8518,Organic Red Onion,83,4,0.45
31717,Organic Cilantro,16,4,0.55
39928,Organic Baby Carrots,123,4,0.7
46979,Asparagus,83,4,1.0
34126,Organic Italian Parsley Bunch,16,4,0.55
28842,Organic Sweet Peas,116,1,0.85
22825,Organic Broccoli,83,4,0.75
24184,Organic Baby Broccoli,83,4,0.8
10749,Organic Cilantro Bunch,16,4,0.55
18523,Organic Baby Arugula,123,4,0.9
27104,Fresh Basil,16,4,0.6
