item_a,item_b,name_a,name_b,count,support,pmi,jaccard
5077,27086,100% Whole Wheat Bread,Half & Half,489,0.061125,2.319151957006996,0.38113795791114574
21288,43352,Blackberries,Raspberries,474,0.05925,2.0833669481145036,0.3342736248236953
5077,27845,100% Whole Wheat Bread,Organic Whole Milk,502,0.06275,2.0210168172796346,0.33223031105228323
27086,27845,Half & Half,Organic Whole Milk,506,0.06325,1.9249477180524284,0.32167832167832167
14947,21709,Pure Sparkling Water,Sparkling Lemon Water,1298,0.16225,1.6925328543620493,0.5675557498906865
16797,39275,Strawberries,Organic Blueberries,880,0.11,1.6554309945763812,0.4168640454760777
45007,49683,Organic Zucchini,Cucumber Kirby,364,0.0455,1.6435558659986078,0.2322910019144863
14947,35221,Pure Sparkling Water,Lime Sparkling Water,1095,0.136875,1.6283823271152724,0.4811072056239016
22935,45007,Organic Yellow Onion,Organic Zucchini,375,0.046875,1.6257383735308104,0.234815278647464
35221,44632,Lime Sparkling Water,Sparkling Water Grapefruit,777,0.097125,1.6151244957483593,0.3715925394548063
22935,49683,Organic Yellow Onion,Cucumber Kirby,361,0.045125,1.6082048660770298,0.22761664564943254
21709,35221,Sparkling Lemon Water,Lime Sparkling Water,1100,0.1375,1.601954659849619,0.4757785467128028
21903,47766,Organic Baby Spinach,Organic Avocado,745,0.093125,1.5442997393055773,0.35241248817407755
21288,39275,Blackberries,Organic Blueberries,506,0.06325,1.5390844597006228,0.2654774396642183
26209,47626,Limes,Large Lemon,482,0.06025,1.538827966414829,0.2645444566410538
39275,43352,Organic Blueberries,Raspberries,493,0.061625,1.5381378274107422,0.26015831134564643
24964,45007,Organic Garlic,Organic Zucchini,362,0.04525,1.5375860799342007,0.22127139364303178
14947,44632,Pure Sparkling Water,Sparkling Water Grapefruit,805,0.100625,1.5179900152679422,0.36001788908765653
22935,24964,Organic Yellow Onion,Organic Garlic,361,0.045125,1.5101838331281139,0.21839080459770116
24964,49683,Organic Garlic,Cucumber Kirby,340,0.0425,1.484489380030989,0.2082057562767912
13176,47209,Bag of Organic Bananas,Organic Hass Avocado,620,0.0775,1.477295417335682,0.3024390243902439
16797,43352,Strawberries,Raspberries,498,0.06225,1.4726060273297346,0.2524075012671059
21709,44632,Sparkling Lemon Water,Sparkling Water Grapefruit,797,0.099625,1.4705806350672952,0.3487964989059081
16797,21288,Strawberries,Blackberries,497,0.062125,1.4331030307974217,0.24874874874874875
21137,47209,Organic Strawberries,Organic Hass Avocado,645,0.080625,1.2639016254955877,0.279705117085863
27966,39275,Organic Raspberries,Organic Blueberries,476,0.0595,1.2607128083785315,0.22984065668759054
24852,47766,Banana,Organic Avocado,783,0.097875,1.2514894145614812,0.3147106109324759
21903,24852,Organic Baby Spinach,Banana,775,0.096875,1.2296087896137828,0.309628445864962
13176,21137,Bag of Organic Bananas,Organic Strawberries,650,0.08125,1.2145157620910116,0.27577428935086973
16797,27966,Strawberries,Organic Raspberries,484,0.0605,1.2046683865740055,0.2255358807082945
26620,35221,Peach Pear Flavored Sparkling Water,Lime Sparkling Water,377,0.047125,1.2000123626726147,0.1845325501713167
21137,27966,Organic Strawberries,Organic Raspberries,494,0.06175,1.1370792468931774,0.22024074899687918
14947,26620,Pure Sparkling Water,Peach Pear Flavored Sparkling Water,387,0.048375,1.0895727404736744,0.17543064369900271
21709,26620,Sparkling Lemon Water,Peach Pear Flavored Sparkling Water,393,0.049125,1.0787681653987309,0.1753681392235609
24852,47626,Banana,Large Lemon,525,0.065625,0.9801252876223312,0.2122069523039612
24852,26209,Banana,Limes,520,0.065,0.9713288509110456,0.2101010101010101
10749,28842,Organic Cilantro Bunch,Organic Sweet Peas,17,0.002125,0.8650060153228724,0.03207547169811321
14233,21709,Natural Spring Water,Sparkling Lemon Water,345,0.043125,0.8306066401823134,0.14845094664371772
14233,14947,Natural Spring Water,Pure Sparkling Water,335,0.041875,0.8211716950510567,0.14609681639773223
27104,28204,Fresh Basil,Organic Fuji Apple,32,0.004,0.7755737823751272,0.03907203907203907
21137,39275,Organic Strawberries,Organic Blueberries,510,0.06375,0.7713315839196678,0.19706336939721794
16797,21137,Strawberries,Organic Strawberries,518,0.06475,0.713696538976187,0.19451746150957566
10749,31717,Organic Cilantro Bunch,Organic Cilantro,20,0.0025,0.6652887204143484,0.03231017770597738
39928,43154,Organic Baby Carrots,Organic Red Potatoes,32,0.004,0.6575874830475535,0.04066073697585769
8518,10749,Organic Red Onion,Organic Cilantro Bunch,19,0.002375,0.6495027529158668,0.03135313531353135
18523,43154,Organic Baby Arugula,Organic Red Potatoes,23,0.002875,0.630952356544087,0.032577903682719546
4605,22825,Yellow Onions,Organic Broccoli,25,0.003125,0.6261569370816915,0.03556187766714083
27104,30489,Fresh Basil,Organic Raw Kombucha Gingerade,21,0.002625,0.6258282675186141,0.03153153153153153
12341,35951,Hass Avocados,Organic Large Extra Fancy Fuji Apple,47,0.005875,0.5890123300607366,0.048503611971104234
17794,37710,Carrots,Trail Mix,34,0.00425,0.5761766684108582,0.0412621359223301
