product_id,product_name,score
14947,Pure Sparkling Water,0.649562289535898
35221,Lime Sparkling Water,0.5934683525736332
44632,Sparkling Water Grapefruit,0.47889142029193316
26620,Peach Pear Flavored Sparkling Water,0.3244618933606884
14233,Natural Spring Water,0.24942107529763705
27845,Organic Whole Milk,0.2045407684561583
21137,Organic Strawberries,0.1926078449678009
45007,Organic Zucchini,0.16808266212618034
21288,Blackberries,0.16719795206890345
13176,Bag of Organic Bananas,0.16657141554471558
