antecedent,consequent,antecedent_name,consequent_name,count,support,confidence
14947,21709,Pure Sparkling Water,Sparkling Lemon Water,814,0.1331806282722513,0.6002949852507374
24852,27845,Banana,Organic Whole Milk,746,0.12205497382198953,0.5313390313390314
13176,21137,Bag of Organic Bananas,Organic Strawberries,519,0.08491492146596859,0.5200400801603207
35221,21709,Lime Sparkling Water,Sparkling Lemon Water,569,0.0930955497382199,0.48590947907771137
5077,27086,100% Whole Wheat Bread,Half & Half,309,0.05055628272251309,0.47832817337461303
44632,21709,Sparkling Water Grapefruit,Sparkling Lemon Water,436,0.07133507853403141,0.463336875664187
16797,21288,Strawberries,Blackberries,473,0.07738874345549739,0.4063573883161512
26620,21709,Peach Pear Flavored Sparkling Water,Sparkling Lemon Water,263,0.04303010471204188,0.4009146341463415
24184,21709,Organic Baby Broccoli,Sparkling Lemon Water,83,0.013579842931937173,0.3705357142857143
28842,21709,Organic Sweet Peas,Sparkling Lemon Water,85,0.013907068062827226,0.3695652173913043
14233,21709,Natural Spring Water,Sparkling Lemon Water,233,0.038121727748691096,0.35037593984962406
21903,27845,Organic Baby Spinach,Organic Whole Milk,375,0.061354712041884814,0.34851301115241634
47766,27845,Organic Avocado,Organic Whole Milk,364,0.05955497382198953,0.3427495291902072
47209,21137,Organic Hass Avocado,Organic Strawberries,343,0.05611910994764398,0.34231536926147704
27104,21709,Fresh Basil,Sparkling Lemon Water,68,0.01112565445026178,0.33663366336633666
26209,27845,Limes,Organic Whole Milk,287,0.046956806282722516,0.3352803738317757
6184,21709,Sparkling Water Berry,Sparkling Lemon Water,123,0.02012434554973822,0.335149863760218
31717,21709,Organic Cilantro,Sparkling Lemon Water,87,0.014234293193717277,0.31985294117647056
47626,27845,Large Lemon,Organic Whole Milk,286,0.046793193717277484,0.3184855233853007
22825,21709,Organic Broccoli,Sparkling Lemon Water,70,0.011452879581151832,0.3111111111111111
196,21709,Soda,Sparkling Lemon Water,116,0.018979057591623036,0.30933333333333335
34126,21709,Organic Italian Parsley Bunch,Sparkling Lemon Water,73,0.011943717277486911,0.3093220338983051
49235,21709,Organic Half & Half,Sparkling Lemon Water,150,0.02454188481675393,0.30927835051546393
4605,21709,Yellow Onions,Sparkling Lemon Water,98,0.016034031413612565,0.3081761006289308
5077,21709,100% Whole Wheat Bread,Sparkling Lemon Water,199,0.03255890052356021,0.3080495356037152
27845,21709,Organic Whole Milk,Sparkling Lemon Water,395,0.06462696335078534,0.3022188217291507
39275,21288,Organic Blueberries,Blackberries,335,0.05481020942408377,0.30207394048692515
39928,21709,Organic Baby Carrots,Sparkling Lemon Water,77,0.012598167539267015,0.30196078431372547
27086,21709,Half & Half,Sparkling Lemon Water,264,0.04319371727748691,0.3
28204,21709,Organic Fuji Apple,Sparkling Lemon Water,145,0.023723821989528795,0.2965235173824131
30489,21709,Organic Raw Kombucha Gingerade,Sparkling Lemon Water,104,0.017015706806282723,0.2962962962962963
12341,21709,Hass Avocados,Sparkling Lemon Water,133,0.021760471204188482,0.29490022172949004
18523,21709,Organic Baby Arugula,Sparkling Lemon Water,55,0.00899869109947644,0.29411764705882354
12341,21137,Hass Avocados,Organic Strawberries,132,0.021596858638743454,0.2926829268292683
28842,14947,Organic Sweet Peas,Pure Sparkling Water,67,0.010962041884816753,0.29130434782608694
17794,21709,Carrots,Sparkling Lemon Water,82,0.013416230366492147,0.2907801418439716
46979,21709,Asparagus,Sparkling Lemon Water,77,0.012598167539267015,0.2883895131086142
17794,14947,Carrots,Pure Sparkling Water,81,0.01325261780104712,0.2872340425531915
8518,21709,Organic Red Onion,Sparkling Lemon Water,86,0.01407068062827225,0.2866666666666667
35951,21709,Organic Large Extra Fancy Fuji Apple,Sparkling Lemon Water,96,0.015706806282722512,0.2865671641791045
